번호,LMS번호,TLP번호,학년,과정,Self_Efficacy,Math_efficacy,내재조절2,확인조절2,부과조절2,외재조절2,RAI2,숙달접근,수행접근,수행회피,숙달회피,수학흥미,주의집중,능동적학습,총점,수학학습전략,인지전략,메타인지전략,총전략점수,정서불안,인지불안,관계불안,일반불안,총불안,부모관계긍정,부모관계부정,전체관계,학원의존
589,12126,19710,6,1,5,4.67,4.14,5,3.83,1,-7.45,4,4.25,3,2,3,2.4,2,2.47,4.67,2.5,3,3.39,1,1,2.6,1,1.4,3,3.8,3.1,1.43
658,13665,29844,6,1,4,4,4.14,5.5,3.33,1.33,-7.79,4.5,3,1.6,1.8,3.67,4,4.8,4.16,4.5,5.17,5,4.89,3.4,3,2.6,2.4,2.85,4.75,1,5.38,3.14
700,14660,31391,5,1,4.33,4.56,4,5.25,4.33,1,-6.92,4,4,2,2.2,3.78,3.8,4.4,3.99,4.33,3,3.2,3.51,2.2,2.2,1.6,1.8,1.95,4.25,1.8,4.73,2.29
155,4379,21190,5,1,5.22,5.33,5.57,5.5,4.33,1,-10.31,5.5,4,2.6,1,4.89,5.6,5,5.16,5.17,5.33,5,5.17,2,3,3,1.6,2.4,5.5,1.8,5.35,2.14
313,7677,22078,5,1,4.33,4.11,4,4.75,2.33,2,-6.42,4,2,2.6,3.2,3.78,3.2,4,3.66,4.67,4,4,4.22,2.2,3,1.8,3.2,2.55,3.5,2.8,3.85,2.57
324,7746,13015,4,1,3.33,4,2.29,2.5,3.17,4.67,5.43,2.17,3.25,5,3.6,1.11,2.6,2.8,2.17,2.33,2.33,2.6,2.42,4.4,4.4,4.4,4.4,4.4,3,3.8,3.1,3.86
413,9388,913,5,1,4.56,4.56,4.71,4.75,3.17,1.33,-8.35,4.67,3,1.2,2.2,4.44,4.2,4,4.21,4,3.83,3.4,3.74,2.6,3.2,2,2,2.45,3.75,1.6,4.58,2.14
485,10574,24019,6,1,3.56,2,2.71,4.75,2,2,-4.18,2.67,2.25,5.2,4.2,1,2.2,1,1.4,3.83,2.5,4.6,3.64,4.6,6,3.4,6,5,4.5,2.4,4.55,2.86
486,10577,24054,6,1,4.22,2.89,3.71,6,3.67,2,-5.76,3.67,3,3.2,4,2.56,4,2.2,2.92,4,3.33,3,3.44,2.4,3.6,2.2,3,2.8,4,2.6,4.2,2.71
487,10578,23747,6,1,3.78,3.33,3.29,3.25,3,2.67,-1.49,3.5,3,3,3.4,3.44,3,3,3.15,3,2.67,2.8,2.82,2.2,2.6,2.4,2.8,2.5,2.5,3.8,2.85,2.86
494,10685,23839,4,1,4.78,3.67,4.43,6,1.17,1.33,-11.02,4.33,1,3.2,2,4.78,5,3,4.26,5.5,5.33,4.6,5.14,2.4,4.4,2.4,3.4,3.15,5.5,1.4,5.55,4
536,11099,24303,6,1,3.89,4.22,4.29,4.75,4,3.67,-1.99,4.33,4.25,4.6,3.2,4.78,4.2,3,3.99,4.67,4,3.4,4.02,2.4,3.2,4,3.2,3.2,3.75,3.6,3.58,3.71
603,12373,25174,5,1,4.22,4.78,5,4.5,2.17,1,-10.33,5,1.75,3,2.4,3.56,4.6,3.6,3.92,4.67,4.17,4.4,4.41,1.4,2.4,2.6,2,2.1,4.5,3.2,4.15,3
363,8363,23600,5,1,4.22,4.89,5,5.5,4,3.67,-4.17,5,3,1.4,2.8,3.33,5.4,4.4,4.38,4.5,4.33,3.6,4.14,3.2,3.8,2.2,5.2,3.6,5.25,3.8,4.23,4.43
606,12506,6018,1,1,4.67,4.56,3.71,4.5,4,3,-1.93,3.83,3.5,3.6,4.4,3.22,2.8,3.2,3.07,2.83,2.67,2.8,2.77,1.6,2.8,1.6,1.8,1.95,3.25,1.2,4.53,3.14
86,3730,7445,5,1,4.89,4.67,4.29,4.25,4,2,-4.82,4.33,3.75,2.4,2.8,4,4,3.8,3.93,3.17,2.67,3,2.94,2.4,2.8,2,2.4,2.4,3.5,3,3.75,3.57
400,9222,23770,5,1,3.67,3.67,3.29,5.25,2.5,1,-7.32,3,1.75,1.2,3.2,3.56,3.4,4.8,3.92,3.5,3.83,2,3.11,5,5,1,4.2,3.8,2.25,1,4.13,1.86
613,12527,19791,3,1,3.67,4.67,2.14,4.5,2.67,2.33,-1.45,1.5,2.25,2,3.4,4.56,3,3.8,3.79,4.5,3.67,3.6,3.92,3.6,2,1,2.8,2.35,4.5,2,4.75,2.57
238,6087,21389,5,1,3.33,3.22,4.29,4,2.67,2,-5.9,4.33,2.25,2.6,2.2,3.56,3.8,3.6,3.65,3.5,3.83,3.4,3.58,1.8,3.2,3,1.2,2.3,3.5,2.2,4.15,2.57
676,14018,27675,5,1,4.22,4.89,4.86,5.75,4,1.33,-8.8,4.83,3.75,3.2,2.6,5.67,5,4.6,5.09,4.67,5,5.2,4.96,4.2,4.2,4.4,4,4.2,4.25,3.2,4.03,3.71
81,3718,914,4,1,4.44,4.56,3.86,4.75,1.67,1,-8.8,3.67,1.25,1,2.2,3.44,3,2.6,3.01,2.33,2.83,2.8,2.66,1.2,1,1,1.6,1.2,4,1.8,4.6,2.86
251,6490,21872,5,1,5.89,5.44,5.86,6,4.67,1,-11.05,5.83,4,1,1,5.78,5,5,5.26,5,5.33,5.2,5.18,1,1,2.2,1,1.3,5.75,2.8,4.98,1
496,10690,24114,6,1,3.22,5.22,6,5.75,5.83,2,-7.92,6,5.75,2.8,3,5.89,5.6,3.4,4.96,5.17,5,4.4,4.86,1.6,5.8,4.2,3.8,3.85,5.25,4,4.13,3
349,8115,22811,4,1,4.22,4.11,4.43,5,4.17,2,-5.69,4.5,3.25,1.2,3.2,2.67,4.2,3.6,3.49,4.67,3.17,5,4.28,5.2,4.8,6,4.8,5.2,4.25,5.2,3.03,4.29
390,9094,23432,6,1,5.11,4.22,4.29,3.75,3,1,-7.32,4.5,2.75,2,2.2,3.44,4,4.6,4.01,4,3.67,3.6,3.76,2,2,1.4,2,1.85,4,2.2,4.4,3.29
783,16668,33031,6,1,4.11,3.78,3.29,3.75,3,2.67,-1.99,3.17,2.5,3,3.2,3.22,3.2,3,3.14,3.67,3,3,3.22,2.4,3.2,3.2,3.2,3,3,3.6,3.2,3.14
351,8125,22998,6,1,4.89,5.33,5.71,5.75,2.17,1,-13.01,5.83,1.75,1.4,1.4,5.44,5.6,5.8,5.61,5.5,5.17,5.6,5.42,1.8,2.4,1,1,1.55,5.25,1.4,5.43,1.71
427,9567,23612,6,1,3.33,3.44,4.43,3,2.83,2,-5.02,4.5,3,5,4.2,2.44,3.4,1.8,2.55,3,2.83,3.2,3.01,1.4,2.4,3.6,1.6,2.25,2.5,4.2,2.65,3
704,14708,31345,6,1,4.11,3.22,2.57,4.5,5.17,2.67,0.86,2.17,6,3,3.2,1,2.4,3,2.13,2,2.67,4.2,2.96,2.2,1.6,1.8,1,1.65,3.5,3.2,3.65,4.43
782,16667,33030,6,1,4.22,4.44,5,4.75,4.17,3,-4.58,5,4.25,4,3.2,3.89,4,3.4,3.76,4.17,3.33,3.2,3.57,2,3.4,3.4,2,2.7,3,3,3.5,2.71
315,7697,22433,4,1,3.22,3.22,2.71,3.75,2.5,3.67,0.65,2.67,2.25,2.8,3.6,3,3,3.2,3.07,3.17,3.33,3,3.17,3.6,4.6,3.4,4.4,4,3,3.2,3.4,3.29
784,16677,32018,6,1,4.78,4.67,3.14,5,2,1,-7.29,3.33,1.75,1.2,2,2.56,3.8,3.8,3.39,4,3.83,4,3.94,1.4,2.2,1.2,1.8,1.65,4,2.4,4.3,2
785,16683,33074,6,1,4.56,4.67,3.57,5.75,1.67,1,-9.23,3.33,1.75,1.4,2.8,3.56,4,3.4,3.65,4.5,3.5,4.2,4.07,1,2.2,1.8,1,1.5,5.25,1.8,5.23,2.71
475,10480,19862,5,1,2.89,3.33,3.57,3.5,2.33,1.67,-4.98,3.5,2,1.8,2.8,2.44,3.6,2.6,2.88,3.67,3,2.6,3.09,4,4.2,2.2,2,3.1,3,3,3.5,5.29
46,3157,1642,6,1,4.44,5.56,5.57,6,3.5,1,-11.64,5.5,3.25,2.4,1,5.11,5.8,5.4,5.44,6,6,6,6,6,6,2.6,6,5.15,4.5,3,4.25,3.57
685,14207,31177,4,1,4.67,4.33,3,3.25,2.5,1.67,-3.42,2.83,3,2.6,4,2,4.6,3.2,3.27,3.5,2.67,2.8,2.99,1,1.8,1,1,1.2,3.5,2.2,4.15,2.71
71,3679,7420,5,1,3.44,3.56,3.29,4.5,1,2.33,-5.4,3.33,1,3.2,3.4,4,3.2,3.2,3.47,3.67,2.5,4,3.39,5,5,3.8,5.4,4.8,2.5,3.6,2.95,3.43
277,6928,25392,6,1,4.33,4.44,3.14,5.25,2.67,1,-6.87,3,2,1.8,4,2,3.2,3.4,2.87,4.67,3,3.4,3.69,1.6,1,1,1,1.15,4.75,1.4,5.18,3.29
415,9392,22512,5,1,3.89,3.78,3.71,4.75,4.17,1.33,-5.35,3.67,4,3.8,3.8,2.78,4.2,3.4,3.46,4,2.83,3.4,3.41,1,2.8,3.4,2,2.3,3.75,2.6,4.08,3.14
336,7950,24164,6,1,5.44,6,6,5.25,3.83,1.67,-10.08,6,4,2.2,5,2.44,4,4,3.48,6,4.83,2.4,4.41,1,5,2,1,2.25,6,2,5.5,3.86
749,15792,31946,6,1,3.22,3.44,4.71,5.25,3.5,2.33,-6.51,4.83,3.5,4.6,2.4,4.33,4.6,3.4,4.11,3.33,4.83,4.2,4.12,2.6,3.8,3.6,3.2,3.3,4,4,3.5,3.29
82,3723,7444,4,1,4.78,4.89,3.71,4.5,1.67,1.33,-7.6,3.83,1.25,1.4,2.2,3.11,2.2,3,2.77,3.67,3.17,2.2,3.01,1,2.8,2.2,1.2,1.8,4.75,1.6,5.08,2
347,8104,23069,5,1,4.67,4,4,3.5,3.17,3,-2.33,4,3,3.6,3.4,3.67,4,3.4,3.69,3.33,3.5,3.2,3.34,2.4,2.2,2,3.2,2.45,3,3.6,3.2,3.43
615,12579,25272,3,1,4,3.44,4.43,5.5,5.67,5.67,2.64,4.83,5.75,3.8,3.2,2.56,4.2,3.8,3.52,4.5,5,4.6,4.7,1.4,2.2,5,3.2,2.95,3.75,3.4,3.68,5.86
192,5532,21353,3,1,3.78,4.22,5,5.75,2.83,2.67,-7.58,5,1.75,1.4,3,4.44,4.6,3.2,4.08,4.5,3.83,3.2,3.84,2.4,3,2.6,2.6,2.65,3.5,3.4,3.55,4.14
439,9814,16292,6,1,3.89,3,2.71,2.25,1.83,4,2.15,2.83,1,4.2,3.2,1.67,2.6,2.4,2.22,2.67,3,2.8,2.82,3,3.8,3.4,3.6,3.45,3.25,3.2,3.53,2.86
456,10332,23899,4,1,5.33,5.33,5,5.75,2.33,1.67,-10.08,5,2,1,1.8,4.67,5.4,4.8,4.96,5,4.83,5,4.94,1.2,1.2,1.2,1,1.15,5.25,1.4,5.43,3.57
593,12191,25038,4,1,3.89,4.22,2,2.75,2.5,4.33,4.42,1.83,2.25,2.8,1.6,6,3.8,2,3.93,1.83,2.5,2.2,2.18,2,4.4,2,3,2.85,2.25,3,3.13,1.86
780,16603,32958,6,1,4.78,4.78,5.29,5.75,4.17,1.33,-9.49,5.33,4.5,1.8,1.4,4.22,4.6,2.6,3.81,4.83,4,2.6,3.81,2.6,3.2,3,1.4,2.55,4.5,3,4.25,2
440,9815,16294,6,1,5.44,5.33,5,5,2.5,1,-10.5,5,2.25,1.2,2.2,4.89,5.4,4,4.76,3.5,4.33,5.2,4.34,1.6,1.4,1.2,1,1.3,5.5,1.2,5.65,1.29
585,12020,24683,5,1,4.11,4,3.86,5,3.83,4.33,-0.21,4.17,3.75,6,3.6,5.78,3.8,3.8,4.46,3.83,2.17,2.8,2.93,5.2,6,6,5.4,5.65,5.75,3.6,4.58,2.57
250,6450,3656,3,1,5.78,6,6,6,6,6,0,6,6,3.2,3,6,6,6,6,5.17,6,6,5.72,1,1,4,1,1.75,6,2,5.5,3.86
666,13774,3070,4,1,4.44,4.22,3.57,5.25,2.67,2.67,-4.39,3.67,2.5,2.6,1.8,5,4,2.2,3.73,3.83,3,1.6,2.81,1,1.6,1.6,1,1.3,1.75,6,1.38,3.43
40,3133,1441,6,1,4.78,3.89,3.86,5,3,3,-3.71,3.83,2,1.8,2.8,3.44,4,4.2,3.88,4.33,3.83,3.8,3.99,2.6,3.4,2.6,3,2.9,4.25,2.2,4.53,2.29
268,6783,21982,4,1,5,5.78,5.29,5.25,3.83,3.67,-4.65,5.33,4.5,3,3.6,3.56,4,2.8,3.45,5,4.33,4.8,4.71,1.4,1.6,1.4,1.2,1.4,3.25,1,4.63,2.43
196,5718,21486,3,1,3.33,4.11,4.86,5,2.67,2,-8.05,5,2.25,5.2,3.6,1.33,2.4,1.8,1.84,3.17,2.67,3,2.94,3.6,5.8,4.8,6,5.05,4,3,4,4.14
262,6725,21812,4,1,4,3.89,3.71,4.25,3.67,1,-6.01,3.5,3.5,1.2,2.2,3.56,3.2,4.2,3.65,3.67,3.5,3,3.39,2.4,1.8,1.4,1.2,1.7,6,1.2,5.9,4.14
87,3733,7476,5,1,5.56,5.89,6,4.25,1.83,2.67,-9.08,6,2,1,1.2,6,6,5.4,5.8,5,4.83,5.2,5.01,1,1,1,1,1,5,1,5.5,1.71
288,7226,22170,5,1,4.11,5.56,4.29,4.75,2.83,3,-4.49,4,1.75,2,1,4.33,3,3.4,3.58,3.67,2.17,2.6,2.81,2,2,4,5.6,3.4,2.75,4,2.88,3.14
675,13992,1348,3,1,5.11,4.44,1.71,6,5.5,2.67,1.4,1.83,5.25,1,2.2,1.78,4.4,4.4,3.53,4.5,4.67,4,4.39,6,3.6,4,4.2,4.45,5.75,1.2,5.78,4.29
269,6787,22011,4,1,3.78,3.22,3.29,3.5,2.33,2,-3.74,3.33,2.25,2.8,4,2.11,3.4,2.6,2.7,3.5,3,3,3.17,3.4,2.6,2,3.4,2.85,4,2.2,4.4,2.14
264,6731,21485,5,1,4.67,4.56,5.57,6,2.83,1,-12.31,5.5,3,1.2,2,3.89,4.8,5.4,4.7,5.5,5.33,5.4,5.41,1,2,2.8,1,1.7,4.75,1,5.38,2.14
623,12765,24869,3,1,2.56,3.22,2,2.75,2.5,3.33,2.42,1.67,2.75,2.8,3.8,2,2.4,1.4,1.93,1.5,1.5,1.6,1.53,5.4,6,6,3.8,5.3,1.75,5.6,1.58,2.57
762,16263,32488,6,1,3.67,3.67,2.86,4.5,1.5,4.33,-0.05,3,1.25,3.6,2.6,4.56,4.2,2.2,3.65,3.17,3.33,3.2,3.23,1,1.2,3.2,1.2,1.65,1,5.6,1.2,3.71
402,9239,23351,5,1,3.67,3.11,2.43,2.75,4,4.33,5.06,2.5,4,2.8,4,2,3,3.2,2.73,3.5,3,2.6,3.03,4.4,4.6,4.4,5.6,4.75,2.75,3.8,2.98,3.29
449,10226,23929,5,1,4.78,3.33,2.71,2,1.83,2,-1.6,2.67,1.75,1.2,1.2,3.11,3.6,2.6,3.1,2.33,2.67,2.2,2.4,1,1.2,1,1.2,1.1,4,1.6,4.7,1.29
401,9238,23253,6,1,4.11,5.44,4.71,5.25,4.17,2.67,-5.18,5,3.25,1.4,4.2,2.11,4,3.6,3.24,5.5,3.67,5.2,4.79,1.6,3.2,2.2,1.8,2.2,4,3,4,3
562,11566,24662,4,1,4.33,3.89,4.43,4.25,2.33,1,-8.77,4.5,2.25,1,2.4,3,4.4,3.6,3.67,3,3,3.2,3.07,3.8,3.4,1,2.8,2.75,3,1.6,4.2,4.14
576,11875,24820,4,1,4.56,4.89,5.29,6,4.33,4.33,-3.57,5.33,4,2,2.4,4.44,4.8,4.8,4.68,4.17,4.83,5.2,4.73,2.4,1.2,1.8,2.2,1.9,5,2.4,4.8,2.43
775,16506,32831,6,1,3.33,3,3.43,4.25,2.5,1,-6.61,3.5,1.5,2.4,3.2,3.22,3.2,3.4,3.27,3.83,2.5,3.6,3.31,2.2,3.4,1.4,1,2,3,2.4,3.8,3.57
83,3724,7443,4,1,4.67,4.56,3.71,4,1,1,-8.43,3.83,1,1,2.2,3.11,2.8,2.2,2.7,2.5,1.67,1,1.72,1,1,1,1,1,1.75,3.4,2.68,1
588,12089,24951,6,1,4.67,3.67,3.14,3,1.5,1.33,-5.12,3.17,1.75,1,3.6,2.56,4.2,2.6,3.12,4.17,3.83,4,4,1.4,1.2,1,1,1.15,4,2,4.5,2.43
697,14587,19789,2,1,5.11,5.22,5.71,6,6,6,0.57,5.67,6,3.8,2,4.33,3.2,4.8,4.11,4.5,4.17,5.8,4.82,1,1.2,3.4,1.2,1.7,3.5,2,4.25,3.86
698,14588,19748,2,1,3.56,4.56,3.86,4.75,4.33,2,-4.13,3.83,4.25,3.6,2.8,4.44,5,2.2,3.88,3.17,3.5,3.8,3.49,1.8,3.2,1.4,1.4,1.95,3.5,1,4.75,2.43
92,3740,7475,6,1,6,6,5.71,4.75,1.83,1,-12.35,6,1.5,1,2,4.78,5.8,5.6,5.39,6,5.83,6,5.94,1,1.6,1,1,1.15,6,1,6,2.43
254,6567,21697,3,1,6,5.44,6,6,1,1,-15,6,1,1,1,6,5,6,5.67,5.83,6,6,5.94,1,1,1,1,1,6,2,5.5,1.86
331,7890,22769,4,1,4.78,3.78,3.71,4.75,4.83,5.33,3.32,3.83,4.5,3.4,4,2.89,4,2.8,3.23,4.83,3.17,3.4,3.8,3.8,4,4.6,4,4.1,4.5,4.6,3.45,4.57
575,11850,23066,6,1,5.33,5.56,5.86,5,3.17,1,-11.55,5.83,2.75,1,1.2,5.44,5.2,3.8,4.81,4.67,3.83,4.2,4.23,1.2,1,1,1,1.05,5.5,1.4,5.55,1
773,16431,32626,4,1,3.11,2.78,3.57,4.25,4.83,2,-2.56,3.5,4.5,3.8,3.4,1.22,3,2.2,2.14,2.17,2,1.8,1.99,2,4.8,4.8,2.4,3.5,3.75,4,3.38,4.14
265,6740,21694,5,1,3.44,4.56,4.29,4.5,2.67,1.67,-7.07,4.17,2,3.6,3.8,3.33,3.4,4,3.58,4.17,3.83,4,4,3.8,4,2.8,3.6,3.55,3.25,4.2,3.03,4
688,14263,31166,5,1,4.89,4.67,4.29,5,3.17,2,-6.4,4.17,3.25,2.8,3.4,3.78,4,3.6,3.79,3.83,3.5,3.2,3.51,1.8,2.2,1.4,1.6,1.75,4,2,4.5,2.43
550,11301,5861,2,1,4.67,4.44,3.71,4.5,2,1.67,-6.6,3.67,2,3,3.4,4.78,4.4,4,4.39,4.17,3.5,4.2,3.96,1,1,1,1.4,1.1,4.75,1.8,4.98,3.14
614,12575,25311,6,1,4.89,5.11,4.29,4.25,3.17,1,-7.65,4.33,3,1.8,2.4,5.33,4.2,5.2,4.91,5,4.67,4.4,4.69,1.2,1.6,1,1.6,1.35,5,1.4,5.3,2.86
766,16313,32544,6,1,4.67,4,4.14,4.75,4,1.33,-6.37,4,4.25,2.6,4.8,3.22,3,3.2,3.14,4.33,3.17,3.6,3.7,2,3.4,2.8,2,2.55,3.5,2.6,3.95,3.71
325,7788,22592,6,1,4.78,3.11,4.57,4.5,3.33,2,-6.31,4.5,3.25,3.8,3,3.78,4.2,3.2,3.73,4.17,4.5,3.8,4.16,3.4,3.8,2.2,2.8,3.05,3.75,2.4,4.18,3.43
454,10268,23940,5,1,3,2.78,3,6,3.83,4.33,0.5,3,3.75,3.8,4.4,1.56,3,2.8,2.45,2.5,1.83,3.4,2.58,2.8,4.2,3,3.2,3.3,2.5,4.8,2.35,3.71
34,3113,991,5,1,4.67,4.89,5.86,5.5,1.5,1,-13.71,5.83,1.5,1,1.2,5.22,6,5.6,5.61,5.83,5.67,5.8,5.77,1,1,1,1,1,3.25,1.8,4.23,1.86
300,7478,22486,6,1,4.78,4.89,4.71,4.5,3.5,2,-6.43,5,3,2.8,2.4,3.44,3.8,4,3.75,4.83,4.67,3.8,4.43,4,3.6,2.4,2,3,4.25,2.6,4.33,1.29
770,16408,32720,6,1,5,5.22,3.86,4.75,1.83,1,-8.63,4,1.75,1,3.2,1.78,4.6,4.2,3.53,6,2.17,4,4.06,1,2.6,1,1,1.4,5.75,2,5.38,3.29
772,16410,32734,5,1,3.89,3.44,3.14,5.5,1.67,1,-8.12,3.33,1,2,3,1.44,3.6,4.8,3.28,4.83,1.83,3.8,3.49,1,1.8,1,1.2,1.25,5,1.2,5.4,2.43
61,3455,9018,6,1,4.44,4.56,5.71,5.75,5.17,4.67,-2.68,5.67,5,5.2,2.8,2.56,3.4,3.8,3.25,3,3.67,4.6,3.76,5,5.4,5,5.2,5.15,2.25,5.2,2.03,5.43
386,8858,23238,6,1,3.22,2.89,3.43,3.75,2.83,2,-3.77,3.5,3.5,3.4,4.6,1.33,2.2,2.8,2.11,3.67,3.17,2.8,3.21,1,1,1,1,1,3.25,4,3.13,1.86
434,9770,22095,4,1,5.11,4.56,5.43,5,2.33,1,-11.52,5.67,2,2,2.4,5.44,5,5.4,5.28,3.5,4.17,2.4,3.36,1,1,1.4,1.6,1.25,3.5,1.6,4.45,3.57
468,10471,19745,6,1,4.44,5.33,5.14,5.75,4.17,2.67,-6.54,5.17,4,2.2,2.6,4.89,4,4.6,4.5,4.83,5,4.8,4.88,3.2,3.8,2.6,3.4,3.25,4.25,2.8,4.23,3.29
646,13363,27632,3,1,4,3.11,3.14,4.75,2.83,3,-2.2,3.17,2.75,3,4,2.33,3.2,2.6,2.71,3.33,3.33,3.2,3.29,3.8,3.6,2.4,3.2,3.25,3.5,3,3.75,3
771,16409,32721,6,1,5.56,4.78,5,4.5,2.33,1,-10.17,5,1.75,1.2,2.2,4.44,5,5,4.81,5.17,4.83,5,5,1.8,2.6,1.8,2.2,2.1,5.5,1.6,5.45,5.14
769,16331,32654,4,1,5.33,5,4.29,4.75,3.17,1.33,-7.49,4.33,2.5,2,3,2.89,4.4,4.8,4.03,4.17,4.17,4.6,4.31,1.6,1.8,2,1.8,1.8,3.75,2.6,4.08,3
407,9312,23510,6,1,3.89,3.44,4,4.25,4.17,3.67,-0.75,4,4,3.4,4.2,4.11,3.4,2.4,3.3,4.17,3.5,3.4,3.69,2,2.2,3.4,2.4,2.5,4,2.4,4.3,3.43
447,10060,23701,6,1,3,2.67,2.86,4.75,3.17,2,-3.3,2.5,3.25,5.4,3.6,1.78,2.8,2.2,2.26,3.5,3.33,3,3.28,2,4,3.2,4.2,3.35,5,2.8,4.6,2.57
90,3737,7439,5,1,4,3.89,4.14,3.75,3.67,2.33,-3.7,4.33,3.5,3.2,3.6,2.89,3.6,4,3.5,4.33,3.33,3.6,3.76,2.4,4,3.8,2.4,3.15,5,2.2,4.9,4.14
282,6977,9032,4,1,4.56,4.56,4.43,5.25,4.33,2.67,-4.44,4.33,4,2.2,2.6,2.67,4,2.8,3.16,3.83,3.67,3.4,3.63,2,3.2,2.4,2.4,2.5,4.25,3.6,3.83,3.43
735,15537,31954,4,1,6,5.44,5.71,5,1.17,1,-13.26,6,1,1,1.4,6,3.6,4.8,4.8,4,3.17,5,4.06,1.2,2.8,1,1,1.5,5.5,1.4,5.55,1.57
490,10613,19797,3,1,4.33,3.11,3.43,4.25,3.67,2.67,-2.11,3.5,3.5,4,1.8,3.89,4.2,3.4,3.83,4.17,3.5,3.4,3.69,2.6,4.4,3.6,3.8,3.6,3,2.8,3.6,2.86
640,13226,22365,4,1,4.67,5.11,4.14,5,2.5,1.33,-8.12,4.33,2.5,1,2,3.44,4.8,4.4,4.21,3.33,3.67,4.8,3.93,1,2,2,1,1.5,4.75,2.4,4.68,3.43
740,15699,31979,6,1,3.22,3.33,2.57,3.75,3.5,3,0.61,2.67,3.25,2.2,3.6,2.89,1.6,2.4,2.3,3,3.83,2.6,3.14,4.2,4.8,1,4.6,3.65,4.25,3.6,3.83,2.29
257,6578,3657,4,1,4.67,4.44,5,4.5,2.17,1,-10.33,4.83,1.5,2.8,1.8,4.78,4,4.4,4.39,3.83,4,4.4,4.08,1.6,2,1.2,1.2,1.5,4.25,2.6,4.33,2.71
422,9514,23567,5,1,3.56,5.11,4.14,5.25,2.33,1.33,-8.54,4.17,1.25,4.6,3.6,5.11,5.4,3.2,4.57,5.5,4.17,4.4,4.69,1.4,1.8,1.8,1.6,1.65,4,4.2,3.4,4.71
414,9389,22067,5,1,4.33,4.89,5.29,6,3,1,-11.57,5.17,2.25,3,2.8,3.33,4.8,5.6,4.58,6,5.5,5,5.5,1.6,2.6,1.8,1,1.75,1,1,3.5,3
491,10654,24117,5,1,5,4.67,4.14,3.5,1,1,-8.79,4.5,1,1.4,1.8,5.11,5.2,4.6,4.97,6,4.33,4.4,4.91,1,1,1,1,1,4.25,1,5.13,2
471,10474,19743,6,1,5.78,5.89,5.71,5.5,1.33,1.67,-12.26,5.67,1.5,2.2,2,5.78,5.8,5,5.53,5.17,4.67,5.2,5.01,2.4,4,2,2.4,2.7,5,2.2,4.9,1.86
377,8566,23294,6,1,4.22,4.22,5,5,3.67,3.67,-4,5,3.25,4.4,2.6,3.67,4,4.6,4.09,4.17,4.17,4.6,4.31,3.2,3.8,4.2,3.6,3.7,6,1.8,5.6,5.43
436,9780,23753,4,1,5,5.44,5,6,4.5,1.67,-8.17,5,4.25,2,2.4,4.22,4.8,4.6,4.54,5.67,5.17,5.6,5.48,1.6,1.4,1.8,1.2,1.5,5.5,1.6,5.45,4
535,11092,3651,2,1,4.22,3.78,4.29,4.5,3,2.67,-4.74,4.33,3,3.2,3,4.78,4.8,4.4,4.66,4.67,3.83,3.8,4.1,3.6,4,2,3.8,3.35,4.25,2.4,4.43,3.86
432,9633,21379,3,1,4.22,3.44,3.71,4.25,3.5,3,-2.18,3.83,3.5,1.6,3,5.44,5.4,4.6,5.15,3.67,3.83,4.6,4.03,1.2,1,1.2,1.4,1.2,3.5,2.8,3.85,3.29
48,3193,3214,6,1,4.56,3.67,4,5,2,2,-7,4.17,2,2.8,2.8,4,4.4,2.8,3.73,3.67,3.17,4,3.61,2,2,2,2,2,5.25,2.2,5.03,2.43
310,7605,22272,6,1,4.33,5.11,3.71,3.5,3.5,3,-1.43,3.83,3,3.2,4,5,5.2,4.2,4.8,4.67,4.17,2.6,3.81,1,1.2,3.4,2,1.9,2,4.2,2.4,3
332,7891,22578,6,1,2.67,1.78,2.71,2,2.17,2.33,-0.6,2.83,2,4.6,2.8,1,2.2,1,1.4,1,1,1,1,2.8,3.4,3.4,2,2.9,1,5.6,1.2,4.71
565,11660,19790,4,1,5,4.67,3.86,4.25,1.33,1,-8.63,4.17,1,1.2,1.4,3.89,4.4,4.4,4.23,3.5,3.83,4.2,3.84,2,2,2,2,2,4.75,1.2,5.28,2.14
474,10479,31143,6,1,3,2.67,2.43,5,4,1,-3.86,2.33,4,1.6,3.6,3.89,2.6,4.4,3.63,3.17,2.83,3.2,3.07,2.6,4.6,2.8,3.2,3.3,4.5,4,3.75,1.71
671,13860,30037,4,1,4.33,3.89,4.14,4.75,3.67,3.33,-2.7,4.33,3.25,2.6,2.8,3.78,3.8,4.8,4.13,4.5,4.17,3.6,4.09,1.8,2.6,2.6,1.8,2.2,5.25,3.8,4.23,3.14
411,9385,22142,6,1,3.22,1.44,3,3.5,2.17,4,0.67,3.33,1.75,3.4,2.8,1.22,2,1.4,1.54,3.17,1.67,2.8,2.54,1.8,1.8,2.8,2.4,2.2,1,4.4,1.8,3
260,6662,25393,6,1,3.78,2.89,2.14,2.25,1.5,1,-3.04,2.17,1.25,2.6,2.4,2.22,2.8,2.8,2.61,4.17,3.5,4,3.89,3.2,3,1.2,2.4,2.45,5.5,1.4,5.55,2.43
461,10408,23997,6,1,5.67,5.56,4.57,4.25,2,1,-9.39,4.83,1,1.2,1.2,5.89,5.6,4,5.16,3.83,3.67,3.6,3.7,1,2.6,1.6,1.6,1.7,5.25,1.8,5.23,2.29
610,12524,19793,3,1,4.33,4.67,4.57,5,4.17,4.67,-0.64,4.67,3.5,1.8,2.6,4.67,4,3.4,4.02,5.83,3.83,5.6,5.09,2,5,3.8,2.2,3.25,1.5,4.6,1.95,3.43
768,16320,32540,5,1,4.56,4.22,4.43,5.75,3.5,1.33,-8.44,4.5,3.25,1.8,2.2,2.89,4,3.2,3.36,4.5,4.33,4.4,4.41,1.8,3,4.6,1.4,2.7,5.5,2.6,4.95,4.86
645,13359,27603,5,1,4,4.11,3.29,4,3.83,2.33,-2.07,3.17,3.75,2.2,2.4,3.44,4.4,4,3.95,3.83,3.67,3.8,3.77,2.2,2,2.2,2,2.1,4.75,1,5.38,1.86
662,13717,29862,4,1,3.33,3.11,2.71,3.5,2.67,2.67,-0.93,2.83,2,4,4,2.11,2.6,2.2,2.3,2.67,2.33,2.2,2.4,2.8,4.8,3.8,4.4,3.95,4.5,2.4,4.55,3.43
670,13859,30038,6,1,5.56,4.78,5.14,5.5,3.17,1,-10.62,5.33,3,2.2,2.4,4.67,5.4,4.8,4.96,4,4.5,5.2,4.57,1,1.6,1.2,1,1.2,1,1,3.5,3
633,12924,25248,4,1,4.67,4,3.57,1,1,1,-5.14,4,1,1,3.2,2,4.6,3.4,3.33,4.83,3.5,2.8,3.71,1,1,1,1,1,3.25,2,4.13,1.86
333,7929,21484,4,1,5.33,4.89,5.14,5.75,3.33,1.67,-9.37,5.17,3.5,1,2.6,3.22,4.6,4.6,4.14,4.67,5,5.4,5.02,1.4,1.4,2,1.2,1.5,4.25,2.8,4.23,2.86
569,11737,24743,5,1,4.56,4,3,5,3.33,2.33,-3,3,3,2.6,3.2,2.33,4,4.6,3.64,4,3.17,3.2,3.46,2.8,2.4,3.4,2.6,2.8,4,3.6,3.7,2.86
283,7016,21755,4,1,5.89,5.78,5.86,6,5.5,2,-8.21,5.83,5.25,1.4,1,6,6,3.6,5.2,3.83,3.83,4.8,4.16,1,1,2.4,1,1.35,3.25,2.2,4.03,2.86
326,7790,22566,6,1,3.33,3.44,5.29,5.25,2.17,2,-9.65,5.5,1.75,2,2,4.11,3.4,3.2,3.57,4,3,2.6,3.2,2,2,1.6,1.4,1.75,4.75,1.6,5.08,2
654,13492,27685,5,1,5.78,5.22,4.71,4.75,1.67,1,-10.51,4.67,1.5,1,1.2,4.44,5,4,4.48,4.83,4,4.8,4.54,1,1.2,1.6,1,1.2,5,1.4,5.3,3.43
409,9317,23180,5,1,4.11,3.78,3.71,5,3.67,3.67,-1.43,3.83,3.5,4.4,4.8,3.67,4,3.4,3.69,3.83,3.33,3.4,3.52,1.6,4.2,3,3.6,3.1,2.75,5,2.38,3.43
327,7791,22567,4,1,4.22,4.11,2,4.25,2,2,-2.25,2,2,1,3.4,3.56,3.6,4.2,3.79,2.67,2.83,3,2.83,1,1,1,1,1,4.75,1.6,5.08,2
522,10938,24239,5,1,5,5,5.29,5,3.17,2,-8.4,5.33,3,2,2,4.78,4.6,5.4,4.93,4.83,5.33,5.2,5.12,1.2,1,1,1,1.05,3,1.2,4.4,2.29
360,8227,23076,6,1,4.56,5.67,6,5.25,3.67,1,-11.58,6,3.5,1,1.2,6,6,6,6,6,6,5.8,5.93,1.2,1.2,1,1.2,1.15,2,4.2,2.4,1
538,11101,24236,4,1,4,4.33,5,4.75,4.5,1,-8.25,4.83,4.5,4,2.8,2.89,5,3,3.63,4.17,4.17,4.4,4.24,2.8,2.6,1,2.2,2.15,4,2.8,4.1,2.57
693,14462,31298,5,1,4.44,4.11,4.86,5,1.83,2.67,-7.55,5.17,1.75,4.2,1.4,4,4.4,2.8,3.73,4.17,3.17,3.4,3.58,1.6,3,2.6,2.6,2.45,4.5,2.2,4.65,2.43
410,9339,23512,5,1,5.22,5.78,5.71,5.75,3.33,1,-11.85,5.67,3.5,1.6,1.8,5.89,5.8,5.2,5.63,5.33,5.33,5.2,5.29,1.6,1.6,1,1.2,1.35,5.75,1.2,5.78,2.57
276,6926,22073,5,1,3.44,4.44,4.14,4.75,3.17,3.33,-3.2,4.17,2.75,2.6,2.6,3.78,4.2,3.4,3.79,3.67,3.17,3.6,3.48,2.8,3.6,3,2.8,3.05,4,2.6,4.2,3.57
512,10834,24208,5,1,4.78,4.33,4.29,5,1.67,1.33,-9.24,4.17,1.5,1.6,3,3.44,4.2,4.2,3.95,4.33,3.17,3.6,3.7,1.4,1.2,1.4,1.8,1.45,4.75,1.4,5.18,2
738,15558,31953,3,1,5.11,4.33,5.43,6,4.33,6,-0.52,5.33,4.75,1,2,5.44,3.6,3.4,4.15,5.67,3.83,5.2,4.9,4,1.6,1,1.4,2,2,2.8,3.1,3
464,10454,24056,5,1,5.11,4.56,3.86,6,2.67,1,-9.05,4.33,2,1.2,3.6,3.22,4.4,2.2,3.27,4.17,1.5,2.4,2.69,1,1,1,1.2,1.05,3.5,2,4.25,2.71
91,3739,7438,6,1,4.56,3.33,3.14,3,4,2.67,0.05,3.17,3.5,2.4,3.4,3.11,3.2,3,3.1,2.83,2.33,3,2.72,4,5,3,4.2,4.05,4.75,3.2,4.28,3
759,16155,32194,5,1,3.89,3.33,5,3,2,2,-7,5,2,2.2,2.6,4.89,3.4,3.8,4.03,3.33,3.33,2,2.89,2,1.6,1,1.8,1.6,5,1.4,5.3,1.43
544,11179,24339,6,1,4.33,4.11,3.86,3.75,4.17,3.33,-0.63,3.83,3.75,5,3.8,3.78,3.8,3.2,3.59,3.83,3.67,3.6,3.7,2.4,3.2,4.8,2,3.1,3.25,4.4,2.93,2.71
101,3821,22656,4,1,5.78,5.44,5.14,6,2.67,1.33,-10.95,5,1.75,1.2,1.8,5.78,4.4,4.8,4.99,5.33,5.17,5.2,5.23,2.2,2.2,1.8,2,2.05,5.5,2,5.25,2.86
493,10680,19741,6,1,3.89,3.56,3.57,4.75,2,1.67,-6.56,3.5,2,5.8,1.8,2.56,2.6,2.6,2.59,3.33,3.17,4,3.5,3.4,4.2,3.8,4.4,3.95,5.5,1.8,5.35,4
534,11086,24361,5,1,5.22,4.56,4.14,4.75,3,1,-8.04,4.17,2.75,1.2,1.4,3.33,3,4.6,3.64,4.17,4.5,4,4.22,2.8,2,2.6,1.6,2.25,5.75,1.6,5.58,2.29
723,15222,31806,6,1,5.33,5.22,5,6,3.17,1,-10.83,5.33,2.75,1.4,1,5.22,5.8,6,5.67,5.5,5.5,5.8,5.6,1.2,2.2,1.6,2,1.75,3.25,2,4.13,1.29
455,10302,23963,6,1,3.22,3.67,3.71,4.25,1.83,1,-7.85,3.67,1.25,4.8,3.6,1.67,1.6,2.4,1.89,3.5,1.5,3.6,2.87,1.4,1.4,1,1.8,1.4,3,3.4,3.3,3.57
543,11134,17464,5,1,4.44,5.22,5.71,5.5,5.67,2.67,-5.93,5.67,6,3,2.2,6,6,5.6,5.87,5,4.83,5.2,5.01,2,2,2.2,2,2.05,3.25,1.4,4.43,3.86
100,3804,7212,5,1,4.44,4.22,3.86,4.25,3.33,2,-4.63,3.83,3,2.2,2.8,3.89,4.2,3.6,3.9,4.17,4.5,4.6,4.42,1,2.4,3,1.2,1.9,4,2.2,4.4,3.29
431,9610,23532,4,1,3.67,3.67,5.43,3.75,5,4.67,-0.27,5.5,4.75,5.8,4.4,2,2.8,2.8,2.53,4.17,3.67,2.8,3.54,5.6,6,5.8,6,5.85,3,4,3,4.43
540,11103,24354,4,1,5,4,4.14,5,3.5,2,-5.79,4,2.25,1.2,2.4,3,4.4,3.2,3.53,4.5,3.67,3,3.72,1.8,4.4,3.4,2.2,2.95,2.25,4.6,2.33,1.86
472,10475,19744,6,1,5.56,5.22,5.57,4.75,3.83,1,-10.06,5.5,3.75,1.6,1.2,5.11,5.4,5.6,5.37,5,3.83,4.4,4.41,1,2.2,1,1,1.3,4.25,1.6,4.83,2.14
361,8235,23155,4,1,5.33,5.89,5.29,4,1.17,1,-11.4,6,1,1.2,1.6,5.78,5.4,4.4,5.19,5.17,4.17,4.8,4.71,1,1,1,1,1,3,1,4.5,1.57
84,3726,7440,4,1,4,3.67,2.57,4,4.33,2,-0.81,2.5,3.75,3.2,3.6,1,3,2.6,2.2,2.33,2.17,2.2,2.23,5.8,5,3.6,5,4.85,3.5,4.6,2.95,4.14
514,10842,23873,6,1,3.78,3.56,5,4.25,3.33,1.33,-8.25,4.83,3.5,4,2.2,4.11,3.6,3.2,3.64,3.67,1.83,1.4,2.3,3.4,4.2,3.2,3.6,3.6,2.25,4,2.63,3.86
75,3683,7419,4,1,3.33,3.11,2.43,3.25,2.33,2.33,-1.11,2.5,2,2.4,3,3.22,2.8,3,3.01,3,2.33,2.6,2.64,2.2,2.8,2.8,1.6,2.35,2.75,3,3.38,1.71
79,3687,7386,3,1,5.89,5.33,4.29,5,1,1,-10.57,4.5,1,1.2,2,2.44,4,3.4,3.28,3.33,4.33,3.4,3.69,1,1.4,1,1,1.1,5.75,1,5.88,2.29
93,3742,9106,6,1,3.22,3.89,2.43,2.75,4,3.67,3.73,2.17,4.25,5,3,4.67,4.2,4,4.29,2.67,5,2.4,3.36,5.8,1.4,3.2,2.6,3.25,5,3.2,4.4,2.71
242,6292,21517,6,1,3.22,4.67,4.86,5,4.5,2.67,-4.88,4.83,4,1.6,3.6,4.11,4.4,4.2,4.24,4.67,5.17,4.8,4.88,3.6,4.6,3.6,3.8,3.9,5,1.8,5.1,3.57
619,12692,19937,5,1,4.56,4,3.43,4.75,1.83,1,-7.77,3.5,1,2.2,2.6,3.44,3.2,3.6,3.41,4.17,3.17,3.6,3.64,2.4,2.8,1.4,2.4,2.25,3.5,3,3.75,2.71
72,3680,7423,5,1,3.78,3.33,4,5.5,4.5,2.67,-3.67,4,4.25,5,4.4,4.33,4,3.2,3.84,3.33,3.83,2.8,3.32,2,1,2.6,1.4,1.75,2.75,3.6,3.08,3
77,3685,7411,3,1,4.78,4.78,6,6,2,1,-14,6,1.25,4.8,2,3.33,3.2,1.6,2.71,2,2,2,2,1.8,6,2.2,2,3,1,1,3.5,2.14
78,3686,7413,3,1,5.56,5.56,5.14,5,4.5,2.33,-6.12,5.17,3.75,1.2,1.8,5,4.6,4.4,4.67,4.83,4.67,4.4,4.63,1.4,3,2.2,2,2.15,4,2.2,4.4,2
399,9221,23330,6,1,4.89,5,4.86,6,4.33,1,-9.38,4.83,4,3.6,2.8,3.33,4.6,2,3.31,4.67,5,3.8,4.49,1,4,1.8,3.2,2.5,6,1.6,5.7,1.86
421,9499,23586,4,1,4.11,4.89,4.86,5,2.83,1.67,-8.55,4.83,2.75,1.2,2.4,5.44,5,4.6,5.01,3.67,3.67,3.8,3.71,1.8,1,1.6,1.4,1.45,2.5,1.2,4.15,2.86
647,13373,16397,3,1,4.56,3.67,4.43,4,1.83,1,-9.02,4.33,1.25,1.6,2.4,4.78,3.2,4.2,4.06,2.67,3.33,2.4,2.8,1,1,1.6,2.2,1.45,3,1.4,4.3,1.57
234,6054,22304,6,1,5.22,5.33,5.29,6,5.67,5.33,-0.24,5.5,5.75,1.2,2,5.67,5.2,4.8,5.22,5.5,4.33,4.2,4.68,5.4,3.6,4.4,3.2,4.15,3.75,2,4.38,3.71
273,6817,9562,5,1,4.67,4.11,3.71,4,3.5,2.33,-3.26,3.67,3.5,2.8,3.2,3.67,4.4,3.4,3.82,4.33,3.5,3.4,3.74,2.8,3.2,2.4,3,2.85,2,3,3,3.14
293,7426,11955,6,1,4.78,3.78,3.71,4.5,2.17,1,-7.76,3.67,2,1.8,1.8,4,3.6,2.4,3.33,3.33,2.17,2.4,2.63,1.8,1,1,1.2,1.25,3.75,1.6,4.58,1.71
616,12608,25151,4,1,4.22,4.89,5.14,5.5,5.33,5.33,0.21,5.17,5,1.8,2.4,3.44,4,3.6,3.68,4.67,3.33,5,4.33,1,3.2,4,1.4,2.4,5,2.4,4.8,2.57
51,3261,3238,5,1,3.89,4.78,4.43,4,2.5,1,-8.36,4.33,1.75,1.6,2.6,3.56,4.4,4.4,4.12,3.83,3.67,3.4,3.63,4.4,4.8,3.4,2.8,3.85,5.75,1.2,5.78,2.14
567,11683,22571,5,1,3.33,3.56,3.86,4.25,4,3.67,-0.63,4,4.25,4.6,3.8,3.78,2.6,2.6,2.99,3.67,3.17,3,3.28,3.2,4.8,4.8,3.6,4.1,4.25,4.2,3.53,3.43
469,10472,19742,6,1,3.11,4.11,4.57,5,4.5,3.33,-2.98,4.5,4.25,3.2,2.2,3.67,4.6,3.2,3.82,3.83,2.67,2,2.83,1.2,2.8,3.4,2.8,2.55,3.5,3.2,3.65,2.71
444,10021,23781,5,1,3.44,2.67,3,2,2,3,0,3.17,2,3.2,3.6,2.33,3.4,2.2,2.64,2.67,2.5,2.4,2.52,3.6,4,3.4,4,3.75,3.25,3.4,3.43,2.43
476,10482,19795,5,1,5.33,5.33,5.14,4,1.83,1,-10.45,5,1,1.6,2.2,1.78,4,4.8,3.53,5,5,4.4,4.8,1,1,1,1,1,5.5,1,5.75,3.86
555,11359,21439,4,1,4.11,3.89,4.14,4,2.33,1.67,-6.62,4.17,1.75,3,3,3.44,3.6,4,3.68,4,3.67,3.6,3.76,1.6,4,2.6,2.4,2.65,3.5,3,3.75,1.71
292,7425,11978,6,1,4,3.78,4.14,3.75,1.67,2.67,-5.04,4.17,1,3.2,3.2,4,4.2,3.4,3.87,3.33,3.5,3,3.28,2,3,1.2,2,2.05,4,1.8,4.6,3
480,10489,19740,4,1,4.67,4.44,5.29,5.75,4.83,2.33,-6.82,5.17,4.75,2.4,1.4,3,4,4.2,3.73,3.33,4.67,3.6,3.87,1.2,4.6,5.4,3.2,3.6,4.25,3.8,3.73,4.29
215,5800,21226,6,1,4.89,5.11,4.57,5.25,4.67,3.33,-3.06,4.67,4.5,1.2,2.2,3.33,5.4,4.4,4.38,4.5,5.67,4.8,4.99,1,1,2,1,1.25,5.75,1.2,5.78,2.57
383,8638,14146,5,1,4.56,3.78,4.43,4.5,3.5,2,-5.86,4.5,3.25,3,2.6,4.78,4.6,4.6,4.66,4.67,4.17,3.6,4.14,2,2.6,3.2,2.2,2.5,4.25,2.8,4.23,3.71
655,13514,27659,6,1,5.11,5,5.71,5.25,1.33,1.33,-12.68,5.67,1.25,2,1.2,4.89,5,5,4.96,4.67,5,5,4.89,2,2,1.6,1.8,1.85,5,2.2,4.9,2.43
747,15771,32032,6,1,3.67,3.89,3.29,4.75,2.83,3.33,-1.82,3.17,2,2,4.2,3.11,4.8,3.2,3.7,3.5,2.5,2.6,2.87,2.8,3.8,2.4,2.4,2.85,4.75,3.2,4.28,1.86
748,15772,32031,6,1,3.56,4,3.14,4.25,3.33,3.33,-0.54,3.17,3,3.6,3,2.56,3.8,3.6,3.32,4.17,3.5,5,4.22,2.2,2,3.2,2,2.35,2.5,2.8,3.35,2.86
746,15767,32024,5,1,3.56,3.56,3.86,4.25,3.17,2.33,-4.13,4,3,3,3.4,3.22,4,3.6,3.61,4.17,3.83,4,4,3.6,4,2.6,3.4,3.4,4.75,2.2,4.78,3.43
341,8083,22959,6,1,5.22,5.56,6,5.5,1,1,-14.5,6,1,1,2,6,5.6,5,5.53,5.83,5,5,5.28,1.8,1,1,1,1.2,5.25,1,5.63,1.71
379,8601,23284,5,1,4,3.56,3.57,4.25,1.17,1,-8.23,3.5,1,1,2.4,2.44,3.2,3.6,3.08,4.33,3.17,3.2,3.57,2.2,4.4,2.4,2.4,2.85,4,3.4,3.8,2.71
426,9548,23588,6,1,4.56,4.44,4.57,4.5,3.33,1.67,-6.98,4.5,2.5,1.6,3.2,3,4,3.8,3.6,4.33,3.33,4.2,3.96,1.4,2.8,1.8,2,2,4.75,2.2,4.78,3.14
743,15739,31999,4,1,4.33,3.33,2.29,4.25,1.33,1,-5.49,2.33,1,3.4,2.6,2.44,4,3,3.15,2.67,2.67,2.4,2.58,3.4,3.2,2.6,3.2,3.1,3.75,2.4,4.18,2.86
272,6811,21934,4,1,3.67,4.33,4.29,5.5,4.67,3.67,-2.07,4.33,4,1.6,2.4,4.22,4.6,3.8,4.21,3.83,4.17,4,4,3.8,4.2,3.2,3.4,3.65,4,3.8,3.6,4.29
433,9688,23690,6,1,2.78,2.33,2.14,3.5,2.33,2.67,-0.12,2.17,2,4,4.2,2.11,3,2.6,2.57,2.17,2,2,2.06,2.4,3.2,2.6,2,2.55,2.5,3.4,3.05,2.43
69,3677,7421,5,1,2.22,3.89,2,3.5,3.83,4,4.33,2.17,4,4.2,3.4,1.56,2.8,3.2,2.52,3.83,2.67,3.6,3.37,2.8,2.8,2.2,3.8,2.9,2.75,4.8,2.48,2.14
161,4423,22374,6,1,4.67,2.56,2,6,1.5,1,-6.5,2,1.75,1,2.4,3,4,2.6,3.2,1.5,1.5,1,1.33,1,1,1,1,1,5.5,2.2,5.15,1.86
445,10050,23564,6,1,4.67,3.78,3.43,4.5,4,3.67,-0.02,3.5,3.5,3.4,3.4,2.11,4,3.2,3.1,4.5,3.67,3.8,3.99,3.2,3.8,3.4,4,3.6,4.25,2.4,4.43,3.57
35,3114,965,6,1,4.22,3.44,3.29,4.5,3,3,-2.07,3.33,3.25,5.2,3.4,2.78,3,3,2.93,3,2.83,4,3.28,1.4,2.2,2.8,3.6,2.5,3.5,3.8,3.35,3.71
248,6404,30058,5,1,4.22,3.89,2.71,3.5,2.33,1,-4.6,2.5,2.5,1.2,4,3.56,4.4,3.8,3.92,3.67,3,2.8,3.16,1,1,1,1,1,1.5,3.2,2.65,2.29
707,14801,31497,5,1,5.67,5.22,5.43,5.75,3.67,1.33,-10.27,5.33,3.75,1.6,1.2,5.89,5.4,5.8,5.7,4.83,5.17,5.8,5.27,1.8,1.8,2,1.2,1.7,2.25,2.6,3.33,2.43
70,3678,7389,5,1,3.11,4.44,3.71,5,4,1.67,-5.1,3.5,3.25,4.6,3,3,3.2,4.4,3.53,4,3.67,4.2,3.96,4.2,4.6,3.4,3.8,4,3.25,1.6,4.33,2.57
73,3681,7425,5,1,2.44,4,3.86,5,4.17,3,-2.55,3.83,3.5,3.2,3.4,1.89,3,1.8,2.23,2.33,2.33,2,2.22,5.2,5.4,5,5.6,5.3,4.75,5.6,3.08,4
586,12055,24946,5,1,4.11,3.89,4.29,5,3.17,1.67,-7.07,4.33,3.25,2.4,3.2,3.56,3.2,3.2,3.32,4.67,3.67,3.4,3.91,3.4,2.8,2.8,3.6,3.15,2.75,4.2,2.78,3.71
467,10470,19750,6,1,4.22,4.67,3.86,4.5,4.83,3,-1.38,4,4.5,3.6,3.2,3.44,3.2,3,3.21,4.67,3.67,2.8,3.71,1.2,3.2,3.2,2.8,2.6,3.5,3.4,3.55,2.43
720,15180,31760,4,1,3.22,4.11,4.29,2.75,3.67,4.33,1.01,4.33,2.5,4,3.8,3.33,3.8,3.6,3.58,3.5,4.17,3.2,3.62,4.2,3.2,4,3.2,3.65,2.5,2,3.75,3.29
734,15516,31920,5,1,3.44,2.89,2.43,3.25,2.83,2.33,-0.61,2.5,2.5,4.6,1.4,1,4.6,3,2.87,4.17,3.67,3.4,3.74,5.8,6,5.6,6,5.85,4.5,3.6,3.95,1.86
74,3682,7422,4,1,4.89,3.56,5.29,5.5,3.83,1,-10.24,5.5,2.75,1.2,2.8,3.67,4.4,3.4,3.82,3.33,2.83,2.4,2.86,1.8,2.2,2.4,2,2.1,4,3.6,3.7,2
162,4424,22373,6,1,3.56,4.22,3.29,4,2.17,3,-2.4,3.33,1.5,1,2.2,2.67,3,3.8,3.16,3.67,4,2.8,3.49,1,1.6,1.6,1,1.3,3,3,3.5,2.86
641,13240,26558,6,1,4.89,4.78,4.71,6,2.67,1.67,-9.43,4.83,2,1.2,1.8,4.89,5.6,5,5.16,3.67,4,4,3.89,1.2,1.8,1,1.4,1.35,6,1.6,5.7,4.14
355,8145,23053,6,1,5,4.44,3.43,3,1.5,1,-6.36,3.5,1.5,1.8,2.6,2.33,3.6,3.2,3.04,4.5,3.17,3.6,3.76,1,1.6,1.4,2,1.5,4.75,2,4.88,2.86
733,15509,31913,4,1,4.56,4.67,4,4.75,3.5,1,-7.25,4,3.75,1.4,2.2,3.44,4.8,4,4.08,3.5,4,2.8,3.43,2.2,3.6,1.8,2.6,2.55,4.5,1.6,4.95,3
732,15484,31944,3,1,3.78,3.22,3.57,5.75,2.5,1.67,-7.06,3.67,2.5,4.2,3.4,3,4.2,3.4,3.53,4.67,2.67,3.6,3.64,4.4,4.6,3.2,5,4.3,2.75,3.6,3.08,2.43
418,9450,23569,4,1,3.22,2.78,3.71,4.25,1.83,1.33,-7.18,3.83,1.5,2.8,3.2,2.89,3.6,3,3.16,4.17,3.17,2.8,3.38,3.8,5.2,4,3.8,4.2,3.5,2.8,3.85,3
233,6048,22292,6,1,4.22,4.56,2.71,6,2.83,1.67,-5.26,2.83,3,1,3.2,1.11,3,4.2,2.77,3.17,4.33,3.2,3.57,1,1.6,1.6,1,1.3,3.5,3,3.75,3.71
316,7698,22476,4,1,5.11,5.11,5.43,5.5,5.17,1,-9.19,5.67,5.25,2.4,1.2,5.44,5.2,4.2,4.95,3.67,3.67,4.2,3.84,1,1,2,1,1.25,4.5,2.4,4.55,3
594,12192,25060,5,1,4.78,4.44,5.29,5.5,1,1,-13.07,5.33,1,1.4,1.4,3.89,5.4,4.4,4.56,4.17,4.17,5.6,4.64,1,1,1.4,1,1.1,5.75,1.2,5.78,2.43
76,3684,7410,4,1,3.67,2.44,4.14,5.25,2,2,-7.54,4.33,2,4.8,3.4,3.78,3.8,2,3.19,3.67,2.83,3.2,3.23,4,4.6,3,5.2,4.2,4.25,2.4,4.43,4
353,8139,23068,6,1,3.22,4.22,3.71,2.25,2,3.67,-0.35,3.67,1.75,2.2,1.4,4.56,4,3.4,3.99,4.83,2,3,3.28,1,3.8,1,2.4,2.05,1.5,5.2,1.65,2.86
412,9386,120,5,1,4.11,1.78,2,3.25,1.17,1,-4.08,2.17,1,4.4,4.2,1.11,2.4,1.6,1.7,3,2.17,3.4,2.86,5.8,6,1,5.6,4.6,4.25,2,4.63,1.71
66,3664,938,4,1,4.33,3.56,2.71,3.75,2.33,2,-2.85,2.83,2,2,3.2,3,3.2,3,3.07,3.33,3.17,3,3.17,2.4,2.8,2,2,2.3,3.5,2.4,4.05,2.71
730,15340,28779,5,1,3.56,3.56,4.86,5.75,4.17,2,-7.3,4.67,3.25,4.6,2,3.89,4.2,3.8,3.96,5,4.33,4.2,4.51,1.2,3.8,2.8,2.6,2.6,5.25,2.6,4.83,3.57
179,5219,16248,4,1,4.56,2.44,3.43,4.5,1,1,-8.36,3.33,1,1,1,5.11,5.8,3.8,4.9,3.67,2.67,2.6,2.98,1,1,1,1,1,2.25,1,4.13,1.86
626,12793,25358,5,1,4,3.78,3.86,5,3.5,3,-3.21,3.67,3.5,2.6,1.8,3.56,3.8,3.8,3.72,3.33,3.5,3.2,3.34,2.8,3.2,3.2,2.2,2.85,3.5,2.8,3.85,2.14
689,14289,31212,5,1,4.67,4.44,4.29,5.5,3.17,1,-8.9,4.33,2.5,3,2,5.44,4.8,4.6,4.95,5.33,4.33,3.8,4.49,5.2,6,3,3.6,4.45,2.75,1.8,3.98,2.57
309,7596,22460,5,1,4.78,5.33,5.14,6,6,5,-0.29,5,6,2.4,2.4,4.11,5.4,4.6,4.7,5.67,5.17,4,4.94,3.4,4.4,5.2,4,4.25,6,2.2,5.4,4.43
304,7490,14149,5,1,3.78,4.22,3.86,4.5,2.67,4.33,-0.88,3.83,3,3.8,2.8,3.22,4.2,3.6,3.67,4,2.5,3,3.17,1,1,1,1,1,4,3.6,3.7,3.14
224,5936,21430,3,1,3.89,4.56,4.43,5,3.67,2,-6.19,4.33,3.25,2.4,1.6,4.44,4.8,4,4.41,4.67,4.17,4.6,4.48,2.6,2.4,3,2.4,2.6,3,3.6,3.2,3.14
274,6868,9592,5,1,4.44,4,3.86,3.5,2,1.67,-5.88,3.83,2,3.2,2.8,3.11,3.2,3.2,3.17,3.33,3.33,2.8,3.16,1.8,3,2,2.4,2.3,3.5,2.8,3.85,1.57
227,5952,21335,5,1,4.89,4,3.43,3.25,2.5,1,-5.61,3.5,2.25,2,3.4,3,2.8,3.4,3.07,4,3,3,3.33,1.6,2,1.6,1.6,1.7,3,2.6,3.7,2
380,8617,23312,5,1,5.44,5.67,5.43,3,1,1,-10.86,5.33,1,1.2,1.4,4.44,3.6,4.2,4.08,4.83,5.17,4.6,4.87,1,1.2,1,1.2,1.1,3.5,1.4,4.55,1.14
557,11388,24561,5,1,4.89,4.89,5.86,5,3.67,1,-11.05,6,3.25,1.4,1.6,5.33,4.8,4.4,4.84,5.17,3.67,4.6,4.48,1.2,1.2,1.2,1.4,1.25,4.75,1.6,5.08,2.86
256,6577,3652,4,1,5.33,5.56,4.71,4,1.5,1,-9.93,4.83,1.5,1.2,1.4,4.78,2.8,4.2,3.93,4,2.33,1.8,2.71,1,1,1,1,1,4.75,2,4.88,1.57
607,12509,6137,2,1,4.44,3.33,4.14,3.75,3.17,2,-4.87,4.17,2.75,2.6,3,3.67,3.8,3.6,3.69,3.67,3.17,3,3.28,2.6,2.8,2.8,2.6,2.7,4.25,3.2,4.03,3.71
154,4378,21648,4,1,4.67,4,3.43,2.5,1.83,2,-3.52,3.33,1.75,1,2.8,3.44,4.8,3.6,3.95,3.33,3.5,3.6,3.48,1.2,1.6,1,1.4,1.3,4.5,1,5.25,2.43
225,5949,21505,4,1,5.67,4.78,4.71,5.75,3.33,1,-9.85,4.67,2.75,1,1.6,4.44,4,4.2,4.21,4.67,4.5,4.6,4.59,1,1,1.2,1,1.05,5.75,2.2,5.28,3.29
89,3736,7441,5,1,5.33,5,4.71,4,2,1,-9.43,4.67,1.5,2,1.6,4.78,4.2,3.6,4.19,4.33,3.5,3.4,3.74,1.2,1.2,1,1.6,1.25,3.5,1,4.75,2.29
36,3116,1096,6,1,4,4.44,4.29,6,4.17,1.67,-7.07,4,4.5,2,3.2,3.44,3.4,3.4,3.41,3.5,3,2.8,3.1,2.8,3.8,1.8,1.8,2.55,4.25,1.8,4.73,2.14
106,3877,22385,1,1,4.44,4.78,4.14,5.25,1.67,1.33,-9.2,4.33,1,1.4,2,4,4.2,4.6,4.27,4.67,3.83,4.2,4.23,1.6,1.6,2.8,1.2,1.8,5.25,1.6,5.33,3.57
159,4418,22973,4,1,3.56,2.33,2.29,3.5,2.67,4,2.6,2.33,2.25,2.6,4,3.33,3.8,2,3.04,2.67,3,2,2.56,1,1,1,1.8,1.2,3.5,2.2,4.15,1.71
345,8102,22892,6,1,4.33,3.67,4.29,5.5,4.83,3,-3.24,4.33,5,1.8,2.6,3.56,4.2,4.4,4.05,3.5,3.5,3.6,3.53,1,1.8,1,1,1.2,3.75,2.8,3.98,2.43
85,3729,7446,5,1,5,5.11,4.86,6,1.67,1,-12.05,4.83,2,1.8,1.8,5.11,4.6,5,4.9,4,4.17,4,4.06,1,1,1,1,1,3.75,3,3.88,1.71
713,14982,31498,5,1,5.11,4.89,3.43,4.25,3.67,3.33,-0.77,3.5,3.25,2.6,3.8,2.89,4.2,3.2,3.43,4.33,3.5,3.8,3.88,1.2,1.2,1,1.2,1.15,3.75,1,4.88,2.71
715,15015,31559,4,1,4.11,4.22,4,5.25,2.17,2,-7.08,3.83,2.5,2.4,3.4,2.67,3.8,4.8,3.76,3.67,2.83,3.8,3.43,3.8,4.2,3,3.2,3.55,3.75,3.6,3.58,2.71
423,9516,10878,4,1,5.22,4.89,5,5.25,3.33,4,-3.92,5,3.25,1,2.2,3.78,4.6,5.2,4.53,5,4.83,3.8,4.54,2,1,1,1,1.25,5.25,1.2,5.53,2.71
702,14665,31181,3,1,3.33,3.33,3.43,3.75,2.67,2.67,-2.61,3.67,2,3,3.2,2.44,2.6,1.2,2.08,2.67,2.33,3.6,2.87,1.2,1.6,2.2,2.2,1.8,4,2.2,4.4,3.57
305,7496,22273,5,1,5,4.67,5.43,5,5.33,1,-8.52,5.5,5.25,2.2,2.2,5.33,4.8,5.2,5.11,5.17,5.17,5,5.11,1.4,2.2,2,1.8,1.85,3,2.6,3.7,3.43
572,11820,24658,6,1,5.78,5.33,4.86,3.75,1.83,1,-9.63,5,1.5,1.4,1.8,4,4.4,3.8,4.07,4.67,4,4.2,4.29,1,1,1.8,1,1.2,4.75,1.2,5.28,1.71
371,8505,9151,3,1,4.89,5.11,5.29,5,3.67,2.33,-7.24,5.17,3.5,2.2,2.2,4.22,4.4,5.4,4.67,4.5,3.83,4,4.11,2,2.6,2.2,2,2.2,3.25,2.6,3.83,3.71
573,11821,24665,6,1,4,4.22,4.29,4.25,3,2.33,-5.15,4.33,2.75,2.2,2.6,3.33,3.4,3.8,3.51,4.33,3.33,4.2,3.96,2.4,4.8,3.4,4,3.65,3.5,3,3.75,2.57
107,3886,22382,5,1,5,4.78,4.86,5,2.67,1.33,-9.38,4.83,3,2,2.8,3.44,4.4,4,3.95,4.17,3.5,4.4,4.02,2,2,1,2,1.75,5,2.4,4.8,1.57
477,10483,19746,4,1,4.89,4.89,4,4.5,3.17,2,-5.33,4,3.25,1.4,2.6,3,3.2,3.2,3.13,3.17,3.17,3.2,3.18,3,3,3,3,3,3.25,3,3.63,3.29
499,10788,16367,4,1,4.11,4.11,3.29,3,2.83,3.67,0.6,3.17,3,2.8,2.8,2.44,3,3.2,2.88,3.67,3.17,4,3.61,2.8,3.2,3,3.4,3.1,5.5,2.6,4.95,2.43
521,10915,24096,6,1,3.89,4.78,4.14,4.25,2.67,1,-7.87,4.17,1.75,2.4,1.6,4.67,4.8,3.8,4.42,3.67,3,2.4,3.02,1.8,1.4,1.8,1.8,1.7,4.25,1.2,5.03,3.29
26,2943,8892,6,1,2.89,2.11,2.29,4.75,4.33,4,3.01,2.33,4.5,4.8,4,1.44,2.8,2.8,2.35,3.67,2.5,2.6,2.92,4.6,4,1.8,3.6,3.5,5.75,2,5.38,2.14
378,8599,23162,6,1,3.67,3.22,2.71,3.5,2.5,2.33,-1.76,2.83,2.25,2,3.2,3.22,3.2,3.4,3.27,3.33,3.17,3,3.17,2,2,2,2,2,4,1.8,4.6,2.14
23,2879,5946,6,1,4.11,3.67,3.43,4.25,3.33,2.33,-3.11,3.5,3.25,3.6,3.2,3.56,4.4,3.4,3.79,3.5,3.33,3.2,3.34,2.2,2.8,3.2,3,2.8,4,2.2,4.4,3.86
166,4650,22971,4,1,4.89,4.78,4.14,3.25,2.83,4.67,0.63,4.5,2,1.8,2.2,3.67,3.4,4.4,3.82,3.17,3.33,4,3.5,1,1,1,1,1,5,2.4,4.8,2.57
174,4767,9524,6,1,4.33,3.44,4.71,4.25,4.33,1.67,-6.01,4.83,3.75,3.6,2.2,4.11,4,3.4,3.84,4,3.17,3,3.39,3.2,5,2.6,3.4,3.55,3.5,3.2,3.65,3.71
255,6574,3661,5,1,2.78,3,3.14,5.5,3.83,2.67,-2.62,3,3.25,4.8,3,2.67,3.8,3.6,3.36,4.33,3,5.2,4.18,4.4,5.4,4,4,4.45,3.5,2.4,4.05,4
667,13794,29972,5,1,4,4.11,3.71,4.25,3.5,2.67,-2.85,3.67,3,4.4,3.2,4,4.6,3.2,3.93,3.83,3.17,3.8,3.6,4.4,4.2,2.8,4,3.85,3.75,3.2,3.78,4.57
160,4421,22836,4,1,3.56,3.11,2.71,2.75,2.83,3,0.65,2.83,3,3,3.4,3.67,2.6,4.4,3.56,3.33,3.67,3,3.33,3.2,3.2,3.2,3.6,3.3,3.25,3.8,3.23,3.43
343,8097,23161,5,1,4.56,5,3.43,4.75,1.33,1,-8.27,3.17,1,1,2.6,1.33,2.4,2.6,2.11,3.33,1.17,1.6,2.03,1,1.6,1,1,1.15,6,2.6,5.2,2.71
597,12295,25111,5,1,4.33,4.67,4.29,4.25,4.5,3,-2.32,4.5,4.5,3,3.2,3.11,4.8,3.2,3.7,4.17,3.5,3.6,3.76,3,3.6,3.6,3.2,3.35,4,3.6,3.7,4
197,5721,22970,5,1,4,3.33,4.14,4.25,1.67,1.67,-7.54,4.5,1.25,2,3.2,3.89,4,3.2,3.7,4.5,3.67,3.8,3.99,2,2.6,1.6,1.8,2,5,1.6,5.2,2.14
158,4416,22972,4,1,4.11,2.78,2,2.75,1.5,1,-3.25,2,1.25,2.2,1.6,1.44,1.6,2.6,1.88,2.83,2.83,2,2.56,1,1.8,1,1,1.2,2.5,1,4.25,1
611,12525,19796,3,1,4.33,5.33,5,5.75,3.5,1.33,-9.58,5,3.25,1.4,1.6,5.11,5.2,4.2,4.84,4.67,4.33,4.6,4.53,4,4,1.4,1.4,2.7,4.5,1.6,4.95,3.29
642,13266,27570,4,1,5.56,5.56,5.43,6,3.33,3,-7.52,5.33,2.5,1.2,1.8,5.22,5.6,4.6,5.14,5.83,5.67,5,5.5,1.2,2,1.2,1.8,1.55,4.75,2,4.88,2
652,13487,27688,4,1,4.11,4,2,3,4.5,5,7.5,2.17,4.5,1,4.8,1.33,4.4,2,2.58,4.83,3.67,4.4,4.3,5.2,5,4.8,5.6,5.15,3.25,4.4,2.93,2.14
653,13490,28708,4,1,4.56,4.56,3.86,4,3.17,2,-4.55,4,3,2.4,2.6,4.56,4.2,4,4.25,4.17,4,4.2,4.12,2.4,2.6,2.8,2.2,2.5,4,2.6,4.2,3.29
314,7684,329,5,1,4.44,3.44,4.86,5,2.83,2,-7.88,4.83,2.5,3.6,2.2,3,4.4,4.8,4.07,4.5,4.67,4.6,4.59,2.6,4.6,4.2,3.6,3.75,3,3.6,3.2,3.43
699,14590,27683,3,1,5.22,5,5.71,5.5,5.17,1.33,-9.1,5.67,6,3,3.2,4.67,4.4,4.4,4.49,5.33,4.5,3.8,4.54,1,1.2,1.6,1.4,1.3,2.25,1,4.13,3.14
558,11419,24564,5,1,5.11,4.78,4.29,5,2,1,-9.57,4.33,2,1.6,1.6,4.22,4.6,4.2,4.34,4.67,4.33,5,4.67,3,2,2.2,2.2,2.35,5.5,1,5.75,3
261,6718,21798,3,1,4.78,5.44,5.57,5.75,5,2,-7.89,5.67,5.75,1.2,2,5.89,6,5.6,5.83,5.17,5.5,5.6,5.42,1,1,1,1,1,2.5,1,4.25,2.43
598,12303,19963,4,1,4.67,4.11,4.29,5,3.67,1.33,-7.24,4.17,3.75,2.2,2.8,4.11,3.6,4.2,3.97,4.5,3.67,3.8,3.99,2.4,2.8,2.8,2,2.5,4.25,2.6,4.33,3.57
12,2278,5835,6,1,4.44,4.11,4.43,6,6,2.67,-3.52,4.17,6,1,3.4,3.67,5,4,4.22,3.17,3.5,4.2,3.62,1,1,1,1,1,6,1,6,2.43
634,12925,25447,4,1,5.44,4.89,5.43,5.25,4.17,1,-9.94,5.83,4.25,1.2,2,5.67,5.8,5.4,5.62,5.17,3.83,5.2,4.73,1.8,1.8,2.6,2.2,2.1,5.5,2.2,5.15,3.57
442,9905,16305,4,1,5.56,4.78,5.29,5.75,3.17,2.33,-8.49,5.33,3,2.6,2,4.33,4.6,3.6,4.18,4.33,4.17,3.6,4.03,1.8,2.8,1.2,1.2,1.75,3.5,1.6,4.45,2.71
88,3735,7442,5,1,4.89,5.56,5.71,5.5,4.5,1,-10.43,5.67,4.5,1,1.6,5.78,5.8,5.8,5.79,5.67,5.67,5.6,5.64,1.6,1.2,1.2,1.2,1.3,4.75,1,5.38,3.43
55,3321,5927,4,1,4.67,4.22,3.86,5,3.33,1.67,-6.05,3.67,3.25,3,2.2,3.56,4,3.2,3.59,4.5,3.5,4,4,2.6,2.6,2.4,1.8,2.35,3.5,3,3.75,3.57
481,10535,16393,4,1,4.78,4.11,3.43,3.25,2.33,1,-5.77,3.33,2,1.2,2.2,4.11,3.2,4,3.77,4.5,4,3.4,3.97,1.4,1,1.2,1.4,1.25,4.75,1,5.38,1.71
690,14290,31211,3,1,3.89,4,4.43,4.5,2,1.33,-8.69,4.5,1.75,2.2,1.6,4.44,4.2,4,4.21,4.33,4,4.4,4.24,3.2,3.6,2.8,3.2,3.2,3.5,3,3.75,3.57
546,11261,24448,5,1,3.89,2.78,4.71,4.75,3.83,4,-2.35,4.5,3.5,2,3,2.56,3,3,2.85,3.5,3.33,3.8,3.54,2.4,3.8,3.2,2.6,3,2.25,4.2,2.53,3.14
479,10487,19747,4,1,4.33,3.78,4.43,5.75,3.33,1,-9.27,4.17,3,2.6,2.2,3.44,2.8,4.6,3.61,4.83,2.83,3.4,3.69,1.4,2.4,1.6,1.6,1.75,4,2,4.5,3.57
682,14072,30033,5,1,3.33,3.11,3.14,3.25,2.67,3.33,-0.2,3.17,2.5,3.8,3.2,3.22,3,3,3.07,3.5,3.33,3.6,3.48,3.8,3.4,3,3.2,3.35,3.5,3,3.75,3.29
556,11365,24455,5,1,5,4.56,3.57,4,1.5,1,-7.64,3.5,1.25,1.2,1.2,4.33,4.2,3.4,3.98,3.67,3.33,3.4,3.47,1,1,1,1,1,4.25,2,4.63,1.71
592,12190,25014,4,1,2.89,2.44,2.71,4,1.67,3.67,-0.43,2.67,1,2,3.8,1.11,1.4,2.6,1.7,1.17,1.67,2.6,1.81,1,3,2.8,1.4,2.05,2,3.6,2.7,1.43
246,6393,30057,5,1,3.44,3,3,4.75,2.67,1,-6.08,2.83,2.5,1.6,3,2.56,3.4,3.6,3.19,3.5,2.67,4.6,3.59,1.6,1.4,1.8,2,1.7,5,1.4,5.3,2.86
483,10552,23916,5,1,5.89,5.89,6,4.75,2.17,1.33,-11.92,6,1.75,1,1.6,6,6,5.4,5.8,5.67,6,6,5.89,1,1,1,1,1,5.5,1.6,5.45,3.71
142,4300,21710,5,1,2.67,3.11,4.86,6,4.5,1,-9.21,4.83,4.75,4,4.6,3.67,3,3.6,3.42,4.33,2.33,2.6,3.09,3,5.2,1,3.2,3.1,3.25,3.4,3.43,3
608,12522,19814,3,1,2.89,3.44,4.14,4,3.5,3.33,-2.12,4,3.75,3.2,3.2,2.78,2.6,3.2,2.86,3.5,2.67,3.2,3.12,3.2,5.8,4.8,5,4.7,3.5,4,3.25,2.86
651,13467,27670,5,1,4.56,4.33,4,3.5,2.5,2.33,-4.33,4,2,2.8,2.6,3.56,4.4,2.6,3.52,3.17,3.5,3,3.22,2.4,2.2,2,2.4,2.25,4.25,2.4,4.43,2.71
668,13822,30008,5,1,5,5.22,3.29,3.25,2.33,3,-1.49,3.33,2,1.6,1.8,2.56,4,3.6,3.39,3.5,3.33,3.4,3.41,1.8,2.4,1,1.2,1.6,5.5,1.2,5.65,3.29
672,13861,30002,5,1,3.33,3.89,3.71,4.75,3.83,3.33,-1.68,3.67,3.75,3.8,3.8,3.78,3,3,3.26,3.33,3,3.4,3.24,2.2,4.2,2.8,2.4,2.9,3.75,3,3.88,3.57
47,3163,2673,5,1,5.11,5.44,5,5.5,3.67,1.33,-9.17,5,3.5,1.2,1.4,5.22,5.2,4.8,5.07,4.83,5,5.4,5.08,1.4,3,2.4,1.2,2,5.25,1.4,5.43,3.86
25,2914,21259,6,1,4.67,4.78,5.29,5.5,3.83,1.67,-8.9,5.17,3.75,1.6,2,5.56,4.8,3.8,4.72,4,3.83,3.8,3.88,2.4,2.8,2,2.8,2.5,5,1.8,5.1,2.71
533,11056,11947,4,1,5.33,5.67,5.57,4.75,1,1,-12.89,5.83,1,2,2,4,5.8,5.2,5,3.83,5,5,4.61,1,1.2,1,1,1.05,6,1.2,5.9,1.86
570,11785,24748,5,1,6,6,6,5.25,1.83,1,-13.42,6,1,1,1,6,4.4,6,5.47,5.67,5.17,6,5.61,1,1.6,1,1,1.15,3.5,1,4.75,1.86
362,8361,23602,4,1,4.22,3.67,4.57,4.5,3.83,3.33,-3.14,4.33,3.75,3.4,2.6,4.78,4,4.2,4.33,3.5,3.5,3.4,3.47,1.2,2.4,3.8,2.4,2.45,3.25,2.2,4.03,2.71
290,7233,22212,5,1,4.67,4.56,5,5,1.17,1,-11.83,5,1.25,1.4,2,4.78,3.6,3.8,4.06,3.67,3.33,4.2,3.73,1.2,2,1.4,2.2,1.7,3.25,2.2,4.03,1.57
350,8122,13070,4,1,4.33,3.56,3.71,3.5,2,1.33,-6.26,3.67,1.75,1.4,2.8,4.56,4.6,4.4,4.52,3.83,3,3.8,3.54,2.8,2.4,1.8,2.8,2.45,4.75,2,4.88,3.14
635,12954,25210,3,1,5.22,5.22,4,5,2.67,1,-8.33,4.33,2.5,2.4,4.2,3.78,4.2,4,3.99,4.33,3.33,4,3.89,1,1.2,1.4,1.8,1.35,4,2.6,4.2,3
263,6728,21612,5,1,5.67,5.11,5.29,5,2.33,1,-11.24,6,2,1,1,5.89,4.4,5.8,5.36,5,5.67,5.6,5.42,1,1.8,1,1,1.2,4.75,1,5.38,2.43
252,6501,21781,6,1,5.11,5.33,4.86,3,1.17,1.67,-8.21,4.83,1.25,2,2,2.56,4.4,3,3.32,4.17,5,4,4.39,1.2,2,1,1,1.3,6,1.8,5.6,2
545,11255,17492,5,1,3.11,3.67,4,4,3.67,2.33,-3.67,4.17,3.5,3.8,3.2,4,3.6,3.2,3.6,3.33,3.33,2.8,3.16,3.6,3.8,4.2,3.6,3.8,3,3.2,3.4,4
520,10913,23826,5,1,4.89,4.56,4.86,4.5,4,2.33,-5.55,5,4.5,2.4,2,5.11,5,4.8,4.97,5,4.33,4.2,4.51,1,1.4,1.8,1.4,1.4,4.5,2.2,4.65,2.29
374,8513,23054,5,1,3.33,3.78,4.14,5.5,3.5,3.67,-2.95,4.33,3.75,3.4,3.2,2.11,3.8,3.4,3.1,3,2.67,3.4,3.02,2.4,2.8,2.4,2.4,2.5,3,3.8,3.1,4.14
221,5874,21516,4,1,4.44,5,5,3.75,1.17,1,-10.58,5.17,1.25,1,1.2,4.22,3.6,2.6,3.47,4.33,3,2.2,3.18,1.2,1,1,1,1.05,4.5,1.2,5.15,1
648,13399,27639,5,1,4.56,3.67,4.43,3.75,3,2,-5.61,4.33,3,2.6,3.4,2.89,3,3,2.96,3.17,3.33,3.2,3.23,2.2,2.2,2,2,2.1,3.25,2.2,4.03,2.86
312,7659,22487,6,1,5.22,4.56,4.71,3.75,3.17,1.33,-7.35,4.83,2.5,1.6,1.8,4.22,4.6,4.2,4.34,4.17,4.17,3.8,4.04,1.6,2.4,2.4,1.6,2,4.5,1.4,5.05,2.43
235,6081,21575,4,1,4.56,5,5.43,5.5,3.67,2,-8.69,5.67,3.75,1.2,1.6,4.67,5.2,4.2,4.69,5.5,4.33,4,4.61,2.2,2.2,2,2.4,2.2,3.25,1.8,4.23,3.57
214,5795,8731,6,1,3.89,4,3.29,4,3,1.67,-4.24,3.33,2.75,3.4,3.2,3.78,3.4,4,3.73,3.5,3.17,3.8,3.49,2.2,3.4,3.6,3.4,3.15,3.25,3.4,3.43,4
636,12984,25424,4,1,4.33,4.22,3.86,4.75,2.83,1,-7.63,3.83,3.25,1.2,2.6,1.67,2,2.4,2.02,3.67,2.17,2.4,2.74,1.8,1.6,1,1.6,1.5,5.75,2.6,5.08,2.14
236,6082,21576,4,1,5.44,5.33,5.86,5.25,3,1,-11.96,5.83,2.5,1,2.2,4.56,6,4.6,5.05,5.83,5.5,5.4,5.58,2,2.8,1.2,1,1.75,5.25,1.6,5.33,4
541,11119,16465,4,1,5.78,5.78,5.86,6,2.83,1,-12.88,6,2.5,1,2,5.67,5.6,5.4,5.56,5.5,5.17,5.2,5.29,3,2.2,1.4,1.8,2.1,5.5,1,5.75,3.29
216,5801,7696,5,1,3.33,3.78,3.86,4.75,4.67,3.67,-0.46,3.83,5,4.6,3.2,1.78,3.6,2.8,2.73,3.33,3,4,3.44,3.2,4.4,4.6,4,4.05,3.5,4.2,3.15,4.57
222,5900,7565,4,1,5.44,5.89,5.86,5.5,2.17,1,-13.05,5.83,1.75,1,1.4,5.44,6,5.8,5.75,5,5.33,6,5.44,1.8,2,2.8,1,1.9,6,1,6,2.57
20,2616,8889,4,1,3.22,5.11,2.43,1,1,1,-2.86,2.67,1,1,3,3.78,5.6,4,4.46,1,1.83,1,1.28,1,1.6,1,1,1.15,6,1.8,5.6,1.71
637,13050,25251,5,1,4.56,4.89,3.43,3.5,4.5,1,-3.86,3.5,5.25,3,2.8,4.33,3.8,4.6,4.24,3.67,3,4.2,3.62,1,1.4,2.4,1,1.45,4,2.4,4.3,1.57
629,12862,20972,5,1,4.67,4.22,4.57,5.5,1.5,3.33,-6.48,4.67,1.75,1.6,1.8,4.11,3.2,3.8,3.7,3.17,3.17,4.6,3.64,1.8,1.4,1,1,1.3,1.5,3.8,2.35,2.71
630,12863,20973,5,1,3.78,3.89,4,4,2.5,3,-3.5,4.17,1.75,2.8,3.2,3.78,3.8,3,3.53,2.67,2.67,2.8,2.71,4,4.6,2.4,4,3.75,2.25,4.6,2.33,2.57
632,12910,24991,3,1,3.78,2.33,3.43,3.25,5,1,-3.11,3.33,4.75,3.6,3.4,5,3.2,2.6,3.6,2,1.83,2.4,2.08,1.2,2.6,3,2.8,2.4,2.5,2,3.75,3.43
624,12768,25044,5,1,4.22,3.44,3.14,3.75,3.83,2.67,-0.87,3.17,3.5,3.6,3.4,3.33,3.6,2.6,3.18,3.5,3.17,3.2,3.29,2,3,3,2.6,2.65,3.5,3,3.75,3.14
19,2603,72,5,1,5.11,4.89,4.86,5,1.67,1.67,-9.71,5,1.75,1.6,1.8,4.22,3.8,3.8,3.94,3.83,4,3.4,3.74,2,2,2,2,2,4.5,2.2,4.65,1.71
622,12764,25371,5,1,4.56,4.44,3.57,5.5,2.5,2.67,-4.81,3.5,1.75,2.2,5,3.78,5.2,3.4,4.13,4.83,3.33,3,3.72,1.6,2.6,1.2,1.8,1.8,2.25,2,3.63,3.43
266,6742,21842,6,1,4.67,5,4,5,3.83,1.33,-6.5,4,4,2.8,3.6,4.67,4.8,5.2,4.89,4.5,3.33,4,3.94,2.6,3.2,2.6,3.6,3,6,1.2,5.9,3.43
595,12243,25357,1,1,5.22,4.89,4.14,5,2.5,1,-8.79,4.17,1.75,1,1.4,4.44,4.2,4.8,4.48,4.83,4.67,5,4.83,1.4,1.8,1,1,1.3,5.5,1.4,5.55,2.71
247,6394,30053,5,1,2.11,3,3.86,6,5,4,-0.71,3.67,4.75,3.8,3.4,2.56,2.6,2.2,2.45,4.17,4,3.4,3.86,5.4,5.4,5,4.2,5,2.5,5.4,2.05,4.71
574,11833,18605,4,1,4.67,4.67,5.14,4,2.17,2.33,-7.45,5.17,2,1.6,1.8,4.22,4.6,4.4,4.41,3.67,3,3.2,3.29,1.4,2.6,2,1.6,1.9,3.75,2.6,4.08,2.57
552,11309,25219,6,1,5.67,6,5.86,6,2.5,1,-13.21,5.83,2.75,1,1.2,5.33,5.6,5,5.31,6,5.83,5.6,5.81,1,1,1,1,1,6,1,6,1.29
554,11349,24509,4,1,3,3,3.14,3,2.83,3.33,0.21,3.17,2.75,4,3.8,2.78,3,2.2,2.66,3,3,3,3,3.4,4,3.6,4,3.75,2.75,4,2.88,2.86
537,11100,23286,4,1,5.44,5.11,4.43,4.5,2.33,1.33,-8.36,4.33,2,2.2,2.8,4.33,4.6,4.4,4.44,4.5,3.83,4.6,4.31,1.4,1.8,2,1.4,1.65,4.25,2.4,4.43,3.43
348,8110,22848,6,1,4,3.44,3.43,4.5,4.33,2.67,-1.69,3.5,4,3.2,3.6,4.11,3.6,3.8,3.84,4.17,3.17,4,3.78,2.6,2.6,2.6,3,2.7,3.5,2.4,4.05,2.71
463,10445,22468,5,1,4,3.56,3.71,4,2.33,2,-5.1,3.83,2.25,3,2.4,3.11,3.4,3.2,3.24,3.5,3,3.6,3.37,3.2,4.4,3.6,3.2,3.6,3,1.8,4.1,2.86
156,4395,9615,5,1,4.67,3.44,3.29,3.75,2.17,1,-6.15,3.33,1.75,3.2,3.2,1,3,2.6,2.2,2.83,1.67,2.4,2.3,1,1,1,1,1,5,1.4,5.3,1.86
376,8553,15190,4,1,4.33,4.33,4.14,5.75,2.83,4.33,-2.54,4.17,2,1.2,2,5,4.6,3.2,4.27,3.33,3.17,3.4,3.3,2.2,3.2,2.8,3.2,2.85,2.75,2.6,3.58,3
253,6541,21867,3,1,4.44,3.78,4.29,3.75,1.33,1.33,-8.32,4.5,1.5,3.2,3.2,3,4.2,4.4,3.87,3.17,3.5,3.6,3.42,1.6,1.8,3.4,2.4,2.3,3,2,4,2.86
157,4397,10699,5,1,4,2.89,2.86,3.5,2.17,2,-3.05,3,2,3.2,2.8,2.33,3,2.4,2.58,3.17,2,2.6,2.59,2,2,2.2,2,2.05,3.25,2.4,3.93,3.29
359,8219,23116,0,1,5.44,5.22,5.43,6,5.17,1,-9.69,5.5,5,1.4,2.4,4.33,4.2,4.2,4.24,5.17,4.17,4.8,4.71,1,2.2,2,1.2,1.6,6,1.8,5.6,1.29
356,8154,23092,5,1,5.33,5,5,5.25,3.5,1,-9.75,5,3,1.6,1.8,5.22,5.2,5,5.14,5,4.5,4.6,4.7,2.4,2.4,1.8,2,2.15,5,2,5,3.14
319,7726,22507,5,1,4.11,3.33,3.29,4,2.5,1,-6.07,3.5,2,1,3,3,4.2,2.8,3.33,3.33,3.33,3,3.22,2.6,4,2.4,4.2,3.3,3,3,3.5,3.86
320,7727,22508,5,1,5.33,6,5.71,4.25,3.17,1.33,-9.85,6,2.75,1.4,2,4.78,5.4,5.8,5.33,5.67,3.83,4,4.5,1,1.6,1,1,1.15,5.25,2,5.13,2.57
14,2497,3548,8,2,5.11,5.44,4.86,5.5,3.17,1,-10.05,5,3.25,1.2,1.8,5.22,5.2,4.6,5.01,5,5,5.8,5.27,1,1.2,1,1,1.05,6,2,5.5,1
393,9118,24214,7,2,3.56,4.22,4.29,4,2.83,2,-5.74,4.33,2.5,3,2,4.56,3.6,4,4.05,3.67,3,3.4,3.36,2.4,3,2,2.6,2.5,4.25,3,4.13,3.14
681,14049,25235,9,2,3,3.78,5.14,3,5.5,1,-5.79,5.17,5.5,1.2,1.6,4,4,4.2,4.07,3.67,2.17,2.6,2.81,1.2,3.2,2.6,3.2,2.55,4,4.4,3.3,3.57
683,14135,28747,7,2,5,4.67,4.43,4.5,2.83,1.67,-7.19,4.33,2.75,2.2,2.4,3.89,4,4,3.96,4.5,4,3.8,4.1,2,1.8,1,1.2,1.5,2.5,3.6,2.95,2.71
736,15547,31958,8,2,2.56,2.33,1.86,3.75,3.17,3.33,2.37,2,2,3,4.4,1.11,2,2,1.7,3.67,2.67,3.4,3.24,3.2,5.2,3.4,4.2,4,5,2.4,4.8,2.57
767,16319,32589,9,2,5.67,5.67,3.43,4,3.17,2,-3.69,3.5,2.25,1,1.2,3.11,4,4.6,3.9,5,3.83,5,4.61,3.4,2,1.6,1.2,2.05,4.5,2.4,4.55,2.43
223,5906,7682,8,2,5.11,5,4.71,4.25,4,1,-7.68,4.67,4,1.8,2.4,5,5.4,4.8,5.07,5.17,4.83,4.8,4.93,2.2,3,2.6,2.2,2.5,6,1.4,5.8,2.43
278,6948,21911,8,2,4.44,4.22,4.29,4.25,2.67,2,-6.15,4.5,2.5,2.4,3.2,4.11,4,3.2,3.77,4,3.17,3.6,3.59,2.6,1.4,1.2,1,1.55,4.5,2.8,4.35,2.43
279,6949,22072,9,2,4.56,4.56,4.71,5.25,3.67,1,-9.01,5,3.75,1.8,2.2,4.22,5.4,4.6,4.74,3.17,3.33,4.8,3.77,3.4,3.8,1.6,3.6,3.1,5.75,2.2,5.28,3.14
513,10840,24203,9,2,4.11,4.33,4.43,5,4.5,3.33,-2.69,4.33,4.25,3.4,3.6,4.11,4,3.2,3.77,3.83,3.67,3.4,3.63,4.6,3.6,3.6,3,3.7,5,2.4,4.8,2.86
516,10867,24058,7,2,5.22,5.11,4.29,5,4.33,3,-3.24,4.33,4,1.6,2.2,3.67,4.6,4.4,4.22,4.83,4.5,3.8,4.38,1.8,2.8,3,2.4,2.5,5.5,1.6,5.45,2.43
691,14344,30066,9,2,3.78,3.44,3.29,3,2.17,2,-3.4,3.33,2,2,3.2,2.33,3.2,3.2,2.91,3.83,3.33,3.4,3.52,1.2,2.8,2.6,2,2.15,4,2.4,4.3,2.43
761,16257,31943,8,2,4.67,3.78,4.29,5,1.17,1,-10.4,4.33,1,2.8,1.4,3.11,4.2,4.6,3.97,4.83,3.5,4.2,4.18,1,1.8,1,1,1.2,2.75,3,3.38,3.14
178,4994,22098,9,2,3,3.56,3.43,4.25,2,2.33,-4.44,3.5,1.5,3.2,3.2,3.89,3.2,3.2,3.43,3.33,3,3.4,3.24,4.4,4.4,2.4,4.4,3.9,3,4.2,2.9,3
523,10981,24263,7,2,4.89,4.22,3.57,4.25,1.83,1,-7.56,3.5,2,2.4,1.6,4.22,4.4,3,3.87,4.17,3.33,3.6,3.7,2.4,2.6,1.6,1,1.9,6,1.4,5.8,2.14
43,3150,1600,9,2,5,4.33,4.43,5.25,3.67,2,-6.44,4.5,3.25,2.4,2.2,4.22,4,4.4,4.21,4,4,4.8,4.27,3.4,3.6,3.6,1.8,3.1,4.75,2.4,4.68,1.57
430,9598,23626,9,2,3.44,3.11,4.57,5.5,3.17,2.67,-6.14,4.67,2.5,2.4,2,2,2.8,2.4,2.4,3.67,3.5,3.4,3.52,5,5.2,3.2,3.8,4.3,2,4.2,2.4,2
709,14884,31528,8,2,3.89,3.78,3.14,4.5,2.83,1,-5.95,3.17,2.25,6,4.6,3.44,3.8,4.2,3.81,4.33,3.83,4.2,4.12,3.6,3,1,1.2,2.2,6,1.4,5.8,2.29
548,11288,24463,9,2,3.67,3.56,3.29,4.25,2.17,1.33,-5.99,3.33,2,2,3.2,2.89,3.2,3,3.03,3.83,3.17,3.6,3.53,2.4,3.8,1.2,2.8,2.55,4.25,3.2,4.03,2.29
549,11289,24464,9,2,3.44,4,4,4,3.17,3.33,-2.17,4,3,3,3.2,3.56,4,3.6,3.72,4,3.17,3.4,3.52,3,3,3.2,3.8,3.25,4,2.8,4.1,3.14
297,7469,22228,7,2,5,4.67,3.86,5.25,2.33,1,-8.63,3.67,2.5,2.6,2.8,3.56,4.2,4.2,3.99,4.5,3.33,3.4,3.74,3.8,4,2.8,3.6,3.55,4.5,2.6,4.45,3.14
571,11816,24765,7,2,4.67,4.89,5.43,5.75,4,1,-10.61,5.33,4.25,1.6,2.2,4.78,3.6,4.8,4.39,4.67,3.83,4.4,4.3,2.2,3.4,1.2,2.4,2.3,5,2.6,4.7,2.29
674,13988,27687,7,2,4.67,5.11,3.86,5.75,5.67,2.33,-3.13,4,6,3.4,3.6,2.44,4,4.6,3.68,4.67,4,4.2,4.29,3,4.2,2.4,4.2,3.45,4.5,2.6,4.45,2.57
369,8467,23598,7,2,3.44,4.11,4.29,4.75,2.33,3,-4.99,4.33,1.75,3.8,3.2,1.56,3,4,2.85,4.33,2.83,2.4,3.19,2.2,3.4,3.2,3.4,3.05,4,2,4.5,2.86
489,10601,24051,7,2,4.44,4.78,4.29,5,4,1.67,-6.24,4.17,4,2.4,2.8,4.67,4,3.6,4.09,4.67,4,3.6,4.09,3.4,3.8,3,4.2,3.6,5,2.4,4.8,3.43
511,10818,24190,7,2,5.11,4.44,4.86,5.25,2.67,1,-10.3,5,2.5,1,2.4,4.33,4.2,4,4.18,3.83,3.67,3.4,3.63,1.8,2.6,1,1.6,1.75,4.25,1.6,4.83,2.14
547,11263,24462,7,2,4.44,4.44,4.71,5,2.83,1,-9.6,4.67,2.75,1.2,2.4,5.44,4.4,5,4.95,4.33,4.33,4.4,4.36,2.6,2.4,1.4,1.8,2.05,6,2.8,5.1,2.43
714,14983,24218,7,2,4.11,4.33,4.57,3.75,2.83,1.33,-7.39,4.5,2.75,2.8,3.6,3.67,4.8,4.2,4.22,4.17,4.5,3.4,4.02,2.6,3.8,1.4,2.8,2.65,3.75,3.2,3.78,1.86
744,15751,31978,8,2,4.89,4.56,4.57,5.5,4.33,1.67,-6.98,4.67,4.75,2,2,4.11,4.6,4.6,4.44,4.17,4.17,3.2,3.84,1,1.2,2.6,2.2,1.75,2.75,3.4,3.18,4
777,16532,32867,8,2,3.89,2.67,3.57,5.25,2.83,1,-7.56,3.67,3,3.4,3.2,3.11,4.4,2.6,3.37,3.17,2.67,2.6,2.81,3.2,3.8,2.8,2,2.95,3,2.4,3.8,2.86
291,7257,22238,8,2,3.56,3,2.86,4,1,3,-2.71,3,1,1.6,3.8,1.78,2,1.8,1.86,3.17,3.17,1.6,2.64,3.6,2.4,1,3,2.5,3.75,2.6,4.08,1
354,8143,23088,7,2,3.44,2,2.43,3.5,2.33,2,-2.02,2.33,2.25,4.2,4,1.78,3,1.6,2.13,2.33,2.67,2,2.33,2.8,3.2,2.4,2.6,2.75,5.25,2.2,5.03,3.57
659,13679,29839,8,2,1.89,2.44,4,5,5.33,3.33,-1,4.17,5,5.6,3.2,1,1.8,1,1.27,2.17,2.33,2,2.17,6,6,4.4,6,5.6,2.25,5.8,1.73,4.14
757,16088,32131,9,2,2.44,2.11,2,4.25,4.5,2,0.25,2.17,4.75,5,4.6,1.11,3.2,2.2,2.17,4,2.83,4.4,3.74,4.6,4.6,2,4.6,3.95,5.75,2,5.38,2.57
482,10542,16402,7,2,3.33,3.67,3.43,5.25,4.33,3.67,-0.44,3.5,4,4,3.2,3.56,4,3.6,3.72,4.17,4,3.2,3.79,3.2,5,4.4,3.6,4.05,3.25,4.6,2.83,3.29
719,15163,31731,9,2,3.67,3.22,4.86,5,3.83,1.33,-8.21,4.83,3.75,4.6,2.8,3.11,3.4,3,3.17,3.5,3.33,3.4,3.41,3.6,4,3.8,3.8,3.8,4.5,2.8,4.35,2.57
99,3802,22313,8,2,4.11,3.67,3.71,5,3.17,2,-5.26,3.67,3,4,3.2,2.33,3.4,2.6,2.78,3.17,3.33,2.6,3.03,2.2,2.6,2.6,2.8,2.55,3.25,3.6,3.33,3
392,9117,24215,7,2,3.67,3.56,3.86,5,3.67,3.67,-1.71,3.83,3.5,2,3.4,3.67,3.8,3.4,3.62,3.67,3.33,3.4,3.47,1.6,3.4,2.2,1.6,2.2,3,2,4,2.57
584,11985,24886,7,2,3.22,2.44,4.14,4.75,3.83,2,-5.2,4.17,3.75,3.4,3,2,2.6,2.2,2.27,2.5,2.5,2.2,2.4,4.4,4,3.2,2.6,3.55,5.25,1.8,5.23,3.14
649,13444,27643,7,2,3,3.56,3.14,5,4.83,1.33,-3.79,2.83,4.75,6,3,2,3.8,2,2.6,4,4.17,4.2,4.12,2.2,3.8,4,4.2,3.55,6,2,5.5,3.43
60,3454,7592,9,2,4.78,4.67,4.57,3.5,3.83,1.33,-6.14,4.33,3.5,3.8,2.8,4.11,5.2,4.2,4.5,3.83,3.67,5,4.17,1.2,1.4,1.2,1,1.2,2,2,3.5,2.86
201,5747,10789,8,2,5.44,4.33,5.86,5.25,1.17,2,-11.8,5.83,1,1.2,1,4.89,5,5,4.96,5.17,4.33,4.2,4.57,4.8,4,2,5.2,4,3.25,1.8,4.23,2.43
303,7483,11988,9,2,5.56,5.22,4,6,2.83,1,-9.17,3.83,2.5,2.4,2.2,3.89,5.8,3.6,4.43,5.5,4.83,5.2,5.18,1,2.2,2.4,1,1.65,5.75,1.6,5.58,2.43
330,7836,22603,7,2,5.22,5.56,4.57,5.75,4.17,1,-8.73,4.67,4.5,1,1.4,5.22,6,5.2,5.47,4.83,5.67,5.6,5.37,1,1.2,1,1,1.05,5.75,1,5.88,2.43
763,16289,32545,7,2,3.78,3.56,3.29,5,4.33,1.67,-3.9,3.33,4,3.6,3.4,1.22,2.4,2.4,2.01,3.33,2.67,2.6,2.87,3,4.6,4.2,3.4,3.8,4.75,2,4.88,3.43
568,11699,18576,9,2,3.89,3.89,3.14,4,2.17,3,-2.12,3.17,1.5,2.2,2.6,3.56,4,2.6,3.39,3.67,2,1.4,2.36,1.2,2.8,2,1.2,1.8,2.75,3,3.38,2.71
391,9106,24216,8,2,4.56,4.33,4.14,5.25,3.5,2,-6.04,4.17,3.75,2.2,3,2,4,3.4,3.13,4,3.83,4,3.94,3.6,3.2,1.8,3,2.9,5,1.8,5.1,2.43
16,2539,130,8,2,3,2.22,1.29,4,1.17,4.33,3.26,1.17,1.25,5,4.2,1.22,2.8,1.6,1.87,3.17,2.67,2.6,2.81,1,1,2.2,1,1.3,2.25,5.8,1.73,2.29
2,944,3737,7,2,3.89,3.44,3.14,4.75,4.33,2.33,-2.04,3.33,4.5,2.8,1.8,2.33,4.2,3,3.18,3.5,3,3.6,3.37,1.2,3.4,4.8,1.6,2.75,3.5,2.2,4.15,2.86
450,10231,7651,7,2,4.22,3.67,4.71,5,4.83,2.67,-4.26,5,4.5,1.4,3,4.22,4.4,3.2,3.94,4,2.67,4,3.56,3,4,2.6,3.8,3.35,3.75,2.6,4.08,3
694,14464,30069,7,2,4.67,4,4.29,5.25,4,2.33,-5.15,4.33,4.25,2.8,2.2,4.56,5,3.8,4.45,4.67,4.67,3.6,4.31,2.4,2.8,3.8,2,2.75,3.5,2.2,4.15,4
779,16564,32869,8,2,3.33,3.78,3.14,4.25,3.17,3,-1.37,3.17,2.75,3.2,3,2.22,3.6,3,2.94,3.5,3,3.6,3.37,2.8,3.6,3,3.2,3.15,3,3.2,3.4,3
774,16485,32839,8,2,5.11,4.89,5.14,5,4.17,1.33,-8.45,5.17,4.5,2,2,4.11,4.6,4.6,4.44,3.83,3.67,4.2,3.9,2.6,2.4,2.2,1.4,2.15,4.5,3,4.25,2
339,8079,13091,8,2,3.44,3.44,3.43,5.25,3.17,1,-6.94,3.67,2.5,4.6,3,2,2.6,1.4,2,2.17,3.17,3.2,2.84,3.8,5,4,4.8,4.4,4,4,3.5,4
591,12187,23304,8,2,4.33,4.44,3.29,4.75,2.33,1.33,-6.32,3.33,2,1.2,3,3.22,3.4,3.6,3.41,4.17,2.83,3.6,3.53,1.2,2.2,2,2.4,1.95,4.5,2,4.75,3.43
404,9253,16234,7,2,4.78,5.33,3.57,4.25,2.5,1,-6.89,3.67,2.5,2.6,2.4,3.78,3.4,5,4.06,4.17,4,4.2,4.12,4,3.2,1.4,1.6,2.55,5,2.4,4.8,3.14
663,13758,29950,7,2,2.44,2.78,2.14,3.75,1.33,1.67,-3.37,2.17,1,4.8,5.2,1.78,2.8,2.2,2.26,3.33,1.67,2.8,2.6,4.8,4.6,3.6,4.6,4.4,1.75,4.2,2.28,2.29
424,9522,22678,7,2,4.67,3.89,3.71,4.75,2.67,2,-5.51,3.67,2.25,2.8,3.2,4.11,4.6,4.8,4.5,4,3.83,4.2,4.01,2,2,2.2,2,2.05,3.75,2.6,4.08,3.57
781,16627,32870,9,2,4.67,4.22,4,5.25,4.83,1.33,-5.75,4,5,3.6,2.6,2.78,4.2,3.2,3.39,4.83,3.83,4.6,4.42,4.6,4.6,3.2,3.6,4,5.25,1.8,5.23,4.14
365,8367,23603,7,2,3.22,2.44,3.43,5.5,3.67,3,-2.69,3.67,3.75,5,5,1.11,3.2,2.8,2.37,4.33,2.83,4,3.72,5,5.2,5.4,4,4.9,4.25,3.4,3.93,3.86
186,5463,21317,9,2,3.67,4,3.57,5.5,4.33,3,-2.31,3.83,4.75,4,3.6,2.22,3.6,3.2,3.01,4,3.5,3.4,3.63,5,5.2,4.4,2,4.15,3,3.6,3.2,4.71
394,9138,24009,9,2,3.33,3.11,2.71,4.25,3,2.67,-1.35,2.5,3,1.4,3.8,2.67,3.8,2.6,3.02,3.33,2.83,2.8,2.99,2,2,2.8,2,2.2,4.5,2,4.75,2.71
754,16004,32125,8,2,3.78,3.22,3.86,6,1.83,1,-9.88,4.33,1,5,1,2.33,4,3,3.11,5.17,4.83,5,5,5,6,1,6,4.5,6,3,5,3.86
270,6791,22384,9,2,4,4.22,4.14,5.25,4,1.67,-6.2,4.17,3.75,3.4,1.4,2.44,3.6,4.2,3.41,4.5,4.17,4.4,4.36,3,3.6,3.4,1.6,2.9,4.75,2.6,4.58,4.29
708,14883,31527,8,2,4.33,4.22,5.14,5.75,2.5,1,-11.54,5.17,1.75,2,1,2.56,4,4.8,3.79,5.67,4.17,5,4.94,4.4,5.6,2.6,5,4.4,3.75,3.4,3.68,3.14
45,3152,1643,9,2,3.44,3.78,3.43,4,1.67,2.33,-4.52,3.33,1,1.4,3.2,1.67,2.4,3.4,2.49,3.5,4,4.2,3.9,2.6,3.4,3.2,4,3.3,5,3.6,4.2,3.57
210,5786,7518,7,2,4.33,3.78,3.57,5.25,3.17,2,-5.23,3.5,3.25,4,2.6,3.11,4,3.4,3.5,4,3.5,3.6,3.7,1.6,3.6,3.2,2.4,2.7,4.75,2.6,4.58,3
742,15737,32010,8,2,4.44,3.78,3,4.5,3.83,2,-2.67,3,3.25,3.2,2.2,3.56,3.2,3.6,3.45,4,3.5,3.8,3.77,2.6,4.4,4.2,2.8,3.5,3,2.4,3.8,3.14
596,12257,24450,9,2,4.89,5.33,5.57,4.75,3.83,1.33,-9.39,5.5,3.75,1.8,1.8,5,4.4,5.8,5.07,5,4.67,4,4.56,1.8,2,2.4,1.8,2,4.5,3.6,3.95,2
542,11120,17477,7,2,4.44,4.78,4.29,4.25,2.83,3.33,-3.32,4.33,2.25,1.2,2.4,3.44,3.8,4.8,4.01,4.67,4.83,5,4.83,2.4,2.4,1.8,1,1.9,6,1.6,5.7,1.71
244,6376,5972,7,2,5.22,4.78,4.86,5,3.83,2,-6.88,4.83,3.5,3.2,2.8,3.33,3.2,3,3.18,5,4.17,4.2,4.46,1.2,1,2.2,1.2,1.4,4.75,2.6,4.58,1.57
245,6377,21607,7,2,5.11,5.22,4.57,5.5,4.83,2,-5.81,4.67,4.5,2,2.8,3.89,3.6,4.2,3.9,4.33,4,4.4,4.24,2.6,1.8,1.2,1,1.65,4.75,1.2,5.28,3.14
267,6782,21983,9,2,5.33,4.56,4.86,5,3,1,-9.71,5,2,3.4,1.8,5,5.2,4.6,4.93,4.83,4.17,4.6,4.53,3.4,3.2,1.6,4,3.05,3.5,3.2,3.65,2.14
563,11567,19668,9,2,4.33,4.44,3.86,5.25,3.67,2,-5.3,4,3.25,1.8,3,3.78,4.8,4.2,4.26,4.67,4,4.2,4.29,1.8,2.6,1.6,1.4,1.85,3.75,2.4,4.18,2.29
602,12342,25173,8,2,3.89,3,3.14,4,3.17,3,-1.12,3.17,3.25,3.2,3.4,2.33,2.8,2.2,2.44,3.83,2.33,2.4,2.86,2.4,4.4,2.6,3.6,3.25,3.25,3,3.63,1.86
44,3151,1644,9,2,3,2.22,2.57,2.75,3.83,2.67,1.27,2.67,3.75,4.8,3,2,3,2.6,2.53,4,3,3.6,3.53,6,5.2,4.6,5,5.2,4.5,2.8,4.35,3.86
776,16531,32853,7,2,2.56,3.44,4.57,4.75,3.83,3.33,-3.39,4.5,3.5,3.2,3.6,2.56,2.8,2.6,2.65,3.5,2.83,3.8,3.38,2.8,4,3.8,3.2,3.45,4,3.2,3.9,2.86
778,16533,32808,7,2,4.89,3.44,3.14,3.5,2,2,-3.79,3.33,2,2.4,2.4,2.78,3.8,2.8,3.13,3.67,3.5,2.4,3.19,2,2.4,2.4,2,2.2,5,2.2,4.9,3
169,4695,22367,9,2,4.33,4.67,4.71,5.75,1.83,1,-11.35,4.67,1.75,1.2,2.8,4,4.2,3.4,3.87,4,3.5,4.8,4.1,3,4,1,3.4,2.85,5.75,1.6,5.58,3.57
217,5804,7270,8,2,4.11,3.67,4.29,4.5,3.83,2.67,-3.9,4.33,3.75,3.4,3,2.67,3.4,3,3.02,4.67,4,4,4.22,4.4,4.4,4.4,3.4,4.15,4.25,3.2,4.03,2.57
54,3320,5876,9,2,4.89,5.22,4.57,5.25,2.5,1,-9.89,4.67,2,1,1.4,3.78,3.2,3,3.33,4,3.67,3.8,3.82,1,1,1,1,1,5.5,2.4,5.05,2
452,10248,23947,7,2,2.33,2.67,4.14,5,2,1,-9.29,4.17,1.25,4.2,2.4,2.56,3.2,2,2.59,4.33,3,3.2,3.51,1.6,3,2.8,2.8,2.55,5,1.2,5.4,3.29
643,13299,25436,7,2,3.11,2.67,2.57,4.5,2.33,2.33,-2.64,2.67,2,2,2.8,1.33,2,2.4,1.91,3.17,2.5,2.4,2.69,1,2,1.2,1,1.3,2.25,2.2,3.53,2.57
741,15718,31986,8,2,4,4,2.29,4.5,3.67,2.67,-0.07,2.17,3.5,5,4.2,1.89,3.8,3.4,3.03,5,4,3.8,4.27,4.4,3.2,3.2,2.2,3.25,4.25,3.4,3.93,1.71
758,16127,32124,8,2,4.44,4.22,3.71,3.75,3,2,-4.18,3.83,2,2.2,2.6,4.11,4.4,4.4,4.3,3.83,4.17,3.8,3.93,4,3.8,3.2,4.2,3.8,5,2.6,4.7,3
285,7045,22004,8,2,3.67,3.33,4,4.5,4.33,3,-2.17,4.17,3.75,4.8,3.8,3.11,2.8,3.6,3.17,4.5,3.83,4,4.11,5,6,4.4,3.8,4.8,3.75,3.8,3.48,3.29
183,5458,21313,9,2,4.33,4.44,4.86,5.25,3.5,1.67,-8.13,4.83,2.75,2.6,2.4,3.89,5.4,4.4,4.56,4.5,4.33,4.4,4.41,4,3.4,2.8,1.6,2.95,5,2,5,2.43
98,3788,22800,8,2,4.22,4.44,4.43,4.5,3.5,3,-3.86,4.5,2.5,1,2.4,4,3.6,4.6,4.07,4.33,4,4.2,4.18,1.6,2.4,2.2,1.6,1.95,5.75,2.8,4.98,3.14
226,5950,21334,8,2,4.56,4.89,5.43,3.5,3,1,-9.36,5.33,2.25,3.2,1.2,5,5,4,4.67,4.5,3.17,4.8,4.16,2,3.8,2.6,3.2,2.9,5,3.2,4.4,1.71
692,14367,31267,9,2,3.22,2.78,3.14,4.5,3.67,1,-5.12,3.17,3,3.6,2.6,2.78,3.2,2.4,2.79,3.67,3.33,4.4,3.8,1.8,3.2,3.2,2.8,2.75,4.75,2.2,4.78,2.71
553,11320,24856,9,2,2.11,2.78,2.57,4.25,2.83,3.33,0.11,2.67,2.5,4.6,4,2.67,2.2,2,2.29,2.67,2.83,2.2,2.57,2.4,2.4,4.8,3.6,3.3,4,3.8,3.6,4.14
231,6028,22284,7,2,5.67,5.56,5.43,6,3.17,1.33,-11.02,5.5,3,1.8,1.8,4.56,5.4,4.8,4.92,5.17,4.67,4.8,4.88,2.2,1.6,1,1,1.45,6,1,6,2.43
724,15223,31757,8,2,2.56,2.78,1.29,4.75,3.17,1,-2.15,1.33,3.25,2.6,2.8,1.44,4,3.2,2.88,3.33,3.33,4,3.56,6,6,2.8,4.4,4.8,4.25,3,4.13,3.86
382,8633,23098,7,2,3.67,2.78,2.86,3.75,2.5,1.67,-3.63,3,2,2.2,2.6,1.56,2.6,1.6,1.92,3.17,3.5,2.8,3.16,3.2,4.4,3.2,4.2,3.75,2,4.6,2.2,1.43
664,13764,29968,7,2,2.78,2.33,2.29,4.25,2.17,2,-2.65,2.33,2,2,4,1.22,3,2.4,2.21,2.17,2,2.4,2.19,2,2,2,2,2,3,2.2,3.9,3.57
717,15069,31682,8,2,3.22,2.33,2.29,2.25,2.67,2,-0.15,2.33,2.5,1.8,4.6,1.11,2.4,2,1.84,2.5,1.5,1,1.67,2,2,1,1,1.5,1,1,3.5,1
583,11968,24866,8,2,3.56,3.22,3,4,2.67,3.67,0,3,2,1,3.4,2,2.8,3.4,2.73,3.83,2.67,3,3.17,3.2,4.8,2.6,3.6,3.55,3.25,3.6,3.33,3.86
718,15106,31730,9,2,3.33,3.33,3.71,4.5,2.83,1.67,-5.76,3.83,3,3,3,3,3.8,2.2,3,4.33,3.17,3.6,3.7,2,2.4,1,3,2.1,4.75,2.6,4.58,3.14
10,2143,3447,7,2,4.89,4.89,4,3.5,2.33,3,-3.17,4,1.75,2.2,3,3.67,3.4,3.6,3.56,3.67,3.33,3.8,3.6,1.2,2,1.4,1.8,1.6,4.75,2.8,4.48,3.86
751,15858,32090,8,2,4.67,5.11,3.71,6,2,1,-9.43,3.83,1,3.8,2.6,1.89,2.8,3.4,2.7,4.67,3.83,3.4,3.97,1.2,2.4,1.8,2.6,2,4.75,2.6,4.58,2.14
199,5724,7683,8,2,3.22,3.22,3.29,4.5,3.33,1.33,-5.07,3.33,3,4,4,2.11,4.4,2,2.84,3.83,2.67,3.2,3.23,5.2,5,3.8,5,4.75,3.25,2.8,3.73,2.14
403,9240,23352,9,2,3.67,3.78,3.86,4.75,4.17,3,-2.3,4,3.75,4,3.4,3.67,4.2,3.4,3.76,4.67,3.17,3.4,3.74,3.6,4.4,3.4,3.8,3.8,2.75,3.6,3.08,3.14
582,11939,24857,8,2,4.67,4.56,3.86,5,3.67,4,-1.05,4,3,3.8,3.8,2.33,4.4,3.2,3.31,4.67,3.17,4.6,4.14,3.4,3.4,3.8,4,3.65,2.25,5.2,2.03,3
420,9494,23557,8,2,3.67,4.11,3.43,5.25,3.67,4.33,0.23,3.5,3,2.2,4.4,3.78,3,3,3.26,4.67,3,3.8,3.82,1.2,1.4,1,1,1.15,3.5,4.2,3.15,2.57
446,10052,23848,7,2,3.56,2.56,2.57,4.25,2.83,1,-4.56,2.5,2.25,4.6,4.2,2.11,2.6,1.6,2.1,3.5,2.5,2.8,2.93,2.6,3.6,3,2.2,2.85,3.25,2,4.13,2.43
764,16298,32574,8,2,3.22,3.78,5.29,6,4,3,-6.57,5.5,4.25,2.4,3.2,4,3,2.8,3.27,3.67,3.33,3.2,3.4,3.4,5.4,4.8,5.6,4.8,5.25,1.8,5.23,3.14
185,5462,21276,7,2,4.78,4.89,4.57,5,2.33,1,-9.81,4.5,2,1.6,3,4.56,4.6,4,4.39,4.67,3.83,4.2,4.23,1.4,1.4,1.2,1.6,1.4,5,2,5,2.43
289,7227,22213,7,2,3.89,4.22,4.14,5,2.33,1,-8.95,4.33,1.75,3.2,2.4,3.78,4.2,3.6,3.86,4.5,2.67,4.2,3.79,2.2,3,1.4,2.8,2.35,2.75,3.8,2.98,3.71
368,8372,23605,8,2,2.67,2.44,1.43,2.25,1.5,1.33,-0.94,1.5,1.5,2.6,3.6,1.78,3.6,1.8,2.39,3.67,2.83,2.6,3.03,1.8,2.8,1.2,1.8,1.9,4.75,2.2,4.78,3
617,12613,25254,8,2,5.11,4.56,4.43,5.5,3,1,-9.36,4.33,2.5,2.8,3,3.89,4.8,3,3.9,4.17,3.67,3.2,3.68,1.4,1.4,2,1.6,1.6,5.25,1.2,5.53,3.29
560,11425,24585,8,2,5.44,4.33,4.86,6,4.83,1,-8.88,4.83,4.25,1.8,2.2,2.44,4.6,4.4,3.81,5.67,4.67,4,4.78,3,3.4,2.2,1,2.4,5.75,1.2,5.78,2.43
367,8371,23542,8,2,3.78,3.11,1.86,2.5,1.67,2,-0.55,2,1,2.2,4.2,2,3,3,2.67,3,2.33,3.2,2.84,1,1.2,1.6,1.4,1.3,1.25,4.6,1.83,2.14
539,11102,24315,7,2,5.11,4.44,4.14,4.25,3,3,-3.54,4,3,3.8,3,4.11,4.4,2.8,3.77,4.17,3.33,2.8,3.43,1.2,2.6,3.4,2,2.3,3,3.8,3.1,3.57
525,11023,24329,7,2,3.78,3.78,2.86,3.5,3.33,3.67,1.45,2.83,3,3.4,3.4,4,3.4,2.4,3.27,3,3.17,2.8,2.99,2.6,3,2.8,3.2,2.9,1.75,4.2,2.28,2.57
53,3311,3705,9,2,2.78,2.78,3.43,3.25,3.83,3.67,1.06,3.5,3.75,3.6,3.4,2,3.4,2.8,2.73,4,2.67,3,3.22,2.4,3.4,3.6,3.2,3.15,3.75,4,3.38,4
198,5723,9164,7,2,3.89,4,4.57,5,2.5,1.67,-8.31,4.5,2,1.2,2.2,3.44,3.4,4.4,3.75,3.67,3.83,4,3.83,3.8,3.8,2.4,4.2,3.55,6,2,5.5,3.43
765,16299,32575,7,2,3.44,4.22,4.29,5,3,2,-6.57,4.33,2.25,3.6,2.8,3.33,3.4,2.8,3.18,4.67,3.67,4.2,4.18,2.6,3.4,3,3,3,2.5,3.4,3.05,2.14
722,15205,31804,7,2,4.44,3.89,4.14,6,3.83,1.33,-7.79,4.17,3.75,3.6,1.8,2,4.6,2.6,3.07,3.5,3.5,2,3,2,4.4,2.8,2.2,2.85,5.25,1.4,5.43,3.71
684,14144,31130,7,2,5,5.11,5.14,5.5,2.33,1,-11.45,5.17,2,2.2,2,4.22,4.6,3.8,4.21,5,4.67,4.6,4.76,2,3.6,1.4,1.4,2.1,5.25,1.4,5.43,2
531,11044,23998,7,2,4.56,3.56,2.14,4.25,3.67,2.33,-0.2,2,3.5,2.2,2.8,2.89,3.2,3.4,3.16,3.5,3.33,2.8,3.21,3.4,3.8,3.6,3.6,3.6,3.5,3,3.75,3.43
519,10904,22888,8,2,4.89,4.67,4.71,3.25,1.83,2.33,-6.18,4.67,2,2,2,3.67,4.4,3,3.69,3.83,3.17,3.4,3.47,1.2,1.2,1.2,1,1.15,2,3.2,2.9,1.86
601,12341,25090,7,2,2.67,3.56,4.71,5,4.67,5.33,0.9,4.83,4.5,5,4.4,4.11,3,2,3.04,3.67,2,3.4,3.02,3.4,5.8,5.8,5,5,2.25,4.8,2.23,2.71
580,11884,24477,7,2,5.11,4.78,4.57,5,3.5,2,-6.64,4.5,3.5,2.2,2.8,4.33,4.2,4.4,4.31,4.17,3.67,4.2,4.01,2.2,2,2,2.2,2.1,5,2.2,4.9,3
498,10754,22219,9,2,2.56,1.89,1.86,2,2,2,0.29,1.83,2,3.4,4,2.22,2.8,2.6,2.54,2,2,2,2,2.4,2.4,2.2,3.2,2.55,2.5,3.8,2.85,2.14
220,5868,22621,8,2,4,3.56,2.71,3.75,2.17,1.67,-3.68,2.67,2,3,3.8,3.33,4.2,3.4,3.64,3.83,2.83,3.4,3.36,2.2,2.8,1.8,1.8,2.15,3.25,2.8,3.73,3.14
604,12453,25150,8,2,3.67,4.11,3.43,4,3.67,1.67,-3.86,3.5,3.5,3.2,3.4,3.78,4.6,2.8,3.73,3.83,3.17,2.8,3.27,4,4.6,4.2,3.6,4.1,3,3.8,3.1,3.14
760,16213,32317,8,2,4.22,4.56,3,5,4.33,2.67,-1.33,3.17,4.25,4.2,3.8,2.56,4.4,4,3.65,4.33,4.33,3.8,4.16,3,3.2,2.8,2.4,2.85,5,2,5,2.71
52,3271,3187,9,2,4.67,5,2.71,2.75,2.67,2,-1.51,2.67,2.25,2.4,2,2.22,3.2,3.6,3.01,4.17,3.5,4.2,3.96,1.6,1,1,1.6,1.3,4,4,3.5,2.14
639,13168,25543,7,2,4,3.56,3.14,5,1.5,1,-7.79,3.17,1,2.8,3.8,2.22,2.8,3.6,2.87,4,3.5,3.4,3.63,1,1,1,2.8,1.45,2.5,1.8,3.85,1.43
49,3215,3277,9,2,4.33,4,5.29,5.5,3.33,1,-10.74,5.33,3.75,1.8,2.6,2.44,4.4,3.6,3.48,4.67,4.67,4.6,4.64,3.6,5,2.2,3,3.45,5.5,1,5.75,4.14
307,7507,22429,9,2,4.56,4,3,5.25,3.5,2,-3.75,3,3,3,3,3.22,3.4,2.4,3.01,4.17,3,3.2,3.46,3.4,3.2,3,3.8,3.35,4,3.4,3.8,3.86
50,3257,3470,9,2,3.33,3.89,3.57,3.25,2.67,2,-3.73,3.67,2.25,3,2.8,3.44,3.2,3.2,3.28,3.5,4.33,3.4,3.74,2,3,2.2,2.6,2.45,3.25,2.6,3.83,3.57
657,13532,27633,7,2,5.78,5.67,4.43,5,2.5,1,-9.36,4.67,1.75,1.4,1.4,4.89,5.2,5.2,5.1,5,4.5,5.6,5.03,1.2,1.4,1.2,1.2,1.25,3.25,1.2,4.53,1.71
419,9472,23571,7,2,3.33,3.44,3.29,4,1.67,1.33,-6.24,3.33,1,5.2,4.4,3,3.6,3.2,3.27,4,4,4.8,4.27,4,4.2,2.8,4.4,3.85,3.75,4.2,3.28,2
756,16014,32127,8,2,4,3.33,4.14,5.75,3.67,2.33,-5.7,4.33,3.5,2.2,2,3.33,5,4,4.11,3,4.33,1.8,3.04,5,5.2,4,4.8,4.75,5.5,2.2,5.15,3.29
517,10886,22902,7,2,4.56,4.44,3.43,6,4.33,1,-6.52,3.33,4.25,2.8,3.6,3,4.6,4.2,3.93,4.33,4.33,4.6,4.42,1.2,1.4,3,2.2,1.95,5.25,1.8,5.23,3.57
425,9535,23388,9,2,3.78,3.56,4.29,3.75,2.67,2,-5.65,4.33,2.25,1.6,2.6,2.11,4,3.8,3.3,4.5,4,4.2,4.23,5,4.2,2,3.2,3.6,5.25,2.6,4.83,3.29
721,15185,31756,9,2,5.44,5,5.43,5.5,2.33,1.33,-11.36,5.33,2.25,1,1.6,5,5.4,4.6,5,4.67,5,5.6,5.09,1,1.4,2,1,1.35,5.75,1.4,5.68,1.71
459,10393,24021,8,2,3.33,3.44,4,5,3.83,3,-3.17,4.17,3.5,2,2.2,2.67,3.6,2.6,2.96,2.83,2.67,3.8,3.1,2.2,4.8,4,1.2,3.05,3.25,3.8,3.23,2
408,9316,23451,7,2,5,4.44,5.57,6,5.17,1.67,-8.64,5.5,4.75,1.8,2.8,3.11,4.6,3,3.57,4.67,3.83,4,4.17,3,3,2.4,2.6,2.75,4.75,3.6,4.08,1
67,3665,3484,8,2,4,3.44,3.57,3.75,2.33,2,-4.56,3.67,2.75,3,3.8,3.11,4.2,2.6,3.3,3.5,2.83,3.6,3.31,3.4,3.8,2.8,2.8,3.2,4.25,3.2,4.03,2.57
753,15933,32118,8,2,4.22,4.33,3.86,4.25,4.33,1,-5.63,3.67,3.75,3.8,3,4.22,3.6,3.4,3.74,4.17,3.83,4.4,4.13,3.4,3.6,2.8,3.2,3.25,5,2,5,2.57
625,12770,25367,8,2,4.67,4,4.86,5.5,4.83,2.67,-5.05,5,4.75,4.4,2.6,3.67,4.2,3.6,3.82,5.17,4.33,5.2,4.9,2.2,1,3.4,3.8,2.6,6,1.4,5.8,2.86
665,13770,29942,7,2,3.56,3.44,4.14,5.75,4,3,-4.04,4.17,4,3.6,2.6,3.67,4,3.2,3.62,3.33,2.83,3.4,3.19,1.4,3.8,3,2.8,2.75,3,3.6,3.2,3
750,15793,32044,7,2,3.67,3.56,4.57,5.5,4.5,2,-6.14,4.83,4,3.4,4,2.89,4.6,3,3.5,4.33,2.5,2.8,3.21,1.8,3.6,2.6,3.4,2.85,2.75,3.4,3.18,3.57
1,928,7738,8,2,5.56,5.44,5.86,6,3.83,1,-11.88,5.83,4,2.2,1.6,5,5.4,4.8,5.07,5.5,4.83,6,5.44,1.6,1.2,1.2,1,1.25,6,1.2,5.9,1.86
57,3351,6060,7,2,5.22,4.67,4.57,5.5,3.67,1.33,-8.31,4.5,3,2.8,1.2,3.78,4.2,3.4,3.79,5.5,4.33,4.2,4.68,1.2,2.6,1,2.4,1.8,5.5,1.2,5.65,1.86
451,10232,23906,7,2,4.89,4.78,5,4,2.83,2.33,-6.5,5,2.75,2,2,3.78,4,4,3.93,4.5,4.33,4.2,4.34,2.4,2,1.4,2,1.95,4.75,1,5.38,1.43
656,13529,28713,8,2,2.89,2.78,2.71,3.25,2.67,2.67,-0.68,2.67,2.25,3,4.2,1.78,1.8,2.4,1.99,4.33,2.67,2.8,3.27,1.8,1.2,2.6,1.8,1.85,4.5,4.6,3.45,1.43
644,13310,23515,7,2,4.44,4.44,4.57,4.75,4.67,3,-3.23,4.5,4.75,3.8,3.6,4.33,4,5,4.44,4,4.5,3.8,4.1,2,2,2.4,2,2.1,4.75,3.4,4.18,3.43
515,10856,24199,8,2,4.78,4.89,4.57,5.25,3.33,2,-7.06,4.5,3.25,3,2.4,4.44,3.6,3.4,3.81,4.83,3.67,2.8,3.77,1,3.8,3.2,3,2.75,4.5,3,4.25,3.86
621,12725,25305,8,2,3.89,2.67,2.29,5.25,2.83,3.33,-0.32,2.33,2.75,3.4,4.6,1.33,2.2,1.2,1.58,3.17,2.67,2,2.61,2.8,3,1.2,2.4,2.35,4.75,2.2,4.78,3.71
706,14800,31495,7,2,4.44,3.67,3.29,4.5,2.67,1.33,-5.74,3.33,2.5,3.8,2.6,2.11,3.6,2.8,2.84,3.17,3.17,2.2,2.84,1.8,3,2.8,2,2.4,3,2.8,3.6,2.57
372,8509,23113,7,2,4.78,4.56,4.29,4,3.67,3.67,-1.57,4.5,4,2,2.6,4.44,3.8,3.8,4.01,4.17,3.67,4,3.94,2.8,3.8,3.8,2.6,3.25,2.75,4,2.88,2.29
126,4180,21221,7,2,5.11,5,4.86,4,2.67,1.33,-8.38,4.83,2.75,2,2,2.78,3.2,4.6,3.53,4.5,3,2,3.17,2.4,4.8,2,3.4,3.15,3.25,3.8,3.23,3.14
364,8365,23604,7,2,4.33,4,3.71,5,3.33,2,-5.1,3.67,3.75,2.6,2.8,3.22,4.2,3.2,3.54,4,3.83,4,3.94,3.2,3.2,3.8,3,3.3,5.25,2,5.13,3.71
193,5636,21271,7,2,4.44,5,5.29,4.25,4.5,2,-6.32,5.5,4.25,1.2,1.2,4.33,4.8,5.4,4.84,5.5,5,4,4.83,2.4,2.6,3,1.8,2.45,5.5,2.4,5.05,2.71
453,10252,23891,8,2,4.67,3.56,3.86,5,2.5,1.33,-7.55,3.83,3,1.4,3.2,2.67,3.6,2.4,2.89,3.83,2.33,2.4,2.86,1,1.4,1.6,2.4,1.6,4,2,4.5,2.29
22,2846,21978,8,2,3.22,3.56,4.43,5.25,2,2,-8.11,4.5,1.25,1,3.6,1.44,3,2,2.15,3.83,4,3,3.61,3.6,5.4,1,3.6,3.4,3.5,3.2,3.65,1.71
329,7831,22606,9,2,4.22,3.33,3.43,4.5,2.67,2.33,-4.02,3.33,2,3,3.4,3.11,4,2.6,3.24,3.67,2.67,3.6,3.31,3,4.4,2.4,4,3.45,4,3,4,3.57
532,11046,24243,9,2,3.78,4.78,4.57,5,4.17,3.33,-3.31,4.67,3.5,4.2,2.8,4.11,4.2,3.2,3.84,4.67,3.67,4,4.11,4.4,5,3.8,5.4,4.65,4,5.4,2.8,2.57
561,11518,24572,7,2,2.67,2.67,3.71,3.75,1.67,2,-5.51,3.67,1.75,5.2,4,1.56,2,1.4,1.65,4.5,2.67,2.8,3.32,3.2,4.6,2.2,2.4,3.1,2.75,4.8,2.48,2.71
294,7440,23361,8,2,4.33,4,3.29,4.25,1.83,1,-6.99,3.33,1.5,1.8,1.8,2.89,3.8,3.2,3.3,4,3.67,3.4,3.69,2.2,2,1.8,2,2,4.25,2,4.63,2.29
5,1551,326,9,2,5.11,4.33,5.57,5,1,1,-13.14,5.67,1,1,1.6,3.89,3,4.2,3.7,4.83,4.67,4.2,4.57,1.4,2.6,1.6,1.4,1.75,6,2,5.5,1.86
344,8098,22997,9,2,5,4.33,3.29,5.25,4.5,3.67,0.01,3.17,4.5,2,2.6,4.56,4.8,4,4.45,3.5,4.17,4,3.89,3.4,3.4,2.4,2.2,2.85,3.5,2.4,4.05,2.57
737,15557,31963,8,2,3.11,3.11,2.14,4,3,1,-3.29,1.83,3,4.6,4.4,1.44,1.2,2.6,1.75,3.67,3.17,2.6,3.14,4.6,4.6,1.8,4,3.75,4.5,2.6,4.45,2.71
136,4196,21216,7,2,3.67,2.78,4.29,5.5,4.17,2.67,-4.57,4.33,4.25,4.8,2.6,2.33,2.6,1.8,2.24,3.83,1.5,2.8,2.71,2.6,4.8,4.4,4.6,4.1,1.25,4.8,1.73,4
435,9771,22125,7,2,3.11,2,2.43,3.75,2.33,2.33,-1.61,2.5,1.75,4,4.2,1.44,3.2,1.4,2.01,3.83,2.5,2.2,2.84,2.4,2.2,2,2,2.15,1.5,4.2,2.15,1.86
703,14688,31396,8,2,3.67,4.11,4,4.5,3,1,-7.5,4,2.5,2.4,2.4,4,4,4.4,4.13,4,4,3.8,3.93,4,3.2,1.2,2.4,2.7,3.25,2.6,3.83,2.86
38,3129,21962,9,2,4.89,4.78,3.71,5,4,3,-2.43,3.83,3.75,2.2,2.6,4.44,4.2,4,4.21,5,3.67,3.8,4.16,3.4,1.6,3.2,2.6,2.7,5,2.6,4.7,3.14
716,15068,31680,8,2,2.67,2.67,2.43,2.75,1.67,2.67,-0.61,2,1,2.2,3.4,1.44,1.6,1.4,1.48,1.83,1,2,1.61,2,1.4,1.8,2.4,1.9,4,3,4,2.57
600,12340,25089,7,2,4.11,3.89,3.71,4.25,2.33,2.33,-4.68,3.83,2.25,3.8,3.4,3,3.2,2.6,2.93,3.5,2.83,3.6,3.31,2,2,1.4,2,1.85,4.5,2,4.75,2.57
322,7740,22504,7,2,4,4.56,3.57,4.25,3.83,1.33,-4.89,3.67,4.25,1.8,3.8,3.22,4,3.6,3.61,3.33,4.17,3.2,3.57,1.6,2.2,1.4,1.4,1.65,3.25,2.8,3.73,2
381,8629,23266,8,2,5.56,4.33,4.86,4.5,3.5,1,-8.71,4.83,3.5,3.6,1.4,3.44,5,3.8,4.08,4.67,3.83,4.8,4.43,3.8,4.8,2.6,1.4,3.15,5.75,2,5.38,2.43
321,7739,22565,9,2,4,3.78,3.57,4.75,2.67,2,-5.23,3.5,2.25,2,3.8,3,3.4,4,3.47,3.67,3.5,3.4,3.52,2.8,4,2.4,3.2,3.1,4.75,2.8,4.48,3.43
335,7939,21736,7,2,4.44,3.56,2.86,5,2,3,-2.71,2.67,1.25,2.6,4,1.67,2.2,2.4,2.09,2.5,2.67,3.8,2.99,1.8,2.8,1.4,2.4,2.1,4.25,4,3.63,2.43
387,9050,24989,7,2,3.56,4.11,3.71,4.25,3,2,-4.68,3.83,2.5,2.2,3,3.33,4.4,4,3.91,4.17,3.67,3,3.61,2.4,3,2.6,3,2.75,3.25,2.6,3.83,3.29
366,8369,23597,7,2,4,3.78,4.43,6,4.67,2.67,-4.86,4.33,4.75,3.4,3.2,3.56,3.6,2.8,3.32,3.67,3.67,3.4,3.58,2.4,3.6,2.6,2.8,2.85,4.5,2,4.75,3.57
95,3744,21692,9,2,3.56,3,2.14,5,1.83,1,-5.45,2,1,3.2,3,2,2.2,3,2.4,4.17,2.67,4,3.61,1.2,3.4,2,1.8,2.1,5,1.2,5.4,3.57
104,3824,9610,8,2,2.56,2.22,2.57,1.75,2.67,5.67,7.11,2.67,2.25,3.6,4.4,1.22,2.6,2.8,2.21,3.5,3.17,2,2.89,6,5.6,4,6,5.4,4,3.8,3.6,3.71
284,7030,22091,7,2,3.56,3.22,3.57,3.25,3.5,2.33,-2.23,3.5,3.5,3.4,3.8,3.78,3.2,3.2,3.39,4,3.83,3.6,3.81,2.2,3.2,2.8,3.4,2.9,3.25,4,3.13,3.14
306,7506,22331,8,2,3.33,2.89,3.43,4.5,3.17,1,-6.19,3.5,2.75,3.8,3,2.44,4,3.8,3.41,3,2.67,3.6,3.09,2.4,3,2,3.2,2.65,4.25,2.6,4.33,3.14
184,5459,21270,7,2,3.33,3.33,2.57,6,4.33,4.33,1.86,2.5,4,4.4,3.6,2.33,3.6,2.6,2.84,4.83,3.5,4.6,4.31,5.2,5.4,4.6,2.6,4.45,1.5,4,2.25,3.86
302,7481,12982,7,2,3.22,3.78,3.43,4.5,3.83,2.67,-2.19,3.33,3.75,4.2,2.8,3.11,3.2,3,3.1,2.83,2,2.8,2.54,3,4,2.8,4.4,3.55,3,3.4,3.3,2.71
39,3131,930,7,2,5.22,5.33,5.71,6,5.33,1,-10.1,5.67,5,1,1,3.89,5.2,4.2,4.43,4.67,5,2.8,4.16,2,2.2,1.2,1,1.6,2.75,3.8,2.98,2.86
213,5790,21393,7,2,4.67,5.44,5.71,6,3.33,1,-12.1,5.67,3.25,1.2,1.6,6,6,5.6,5.87,4.5,5,5.6,5.03,1.4,1.4,1.4,1.2,1.35,4.25,3.2,4.03,2.86
299,7471,22401,7,2,3.89,3.67,4.14,5,2.5,1.33,-8.12,4.33,2.25,3,2.8,3.89,2.6,3.2,3.23,3.83,2.83,2.6,3.09,3.4,2.8,2,2.6,2.7,3.5,2.6,3.95,2.71
428,9569,25390,8,2,3.78,3.67,2.86,3.5,1,1,-6.21,2.83,1,1,2,1,2.6,3,2.2,3.33,3,3,3.11,1.8,1,1,1.4,1.3,3,1.6,4.2,1.14
96,3747,21689,8,2,3.44,3.33,4.71,3.5,3,3,-3.93,4.83,3,3.2,3.4,4.78,4.4,3.6,4.26,3.17,3.17,3.2,3.18,2,2,2,2,2,3.5,2.6,3.95,2
133,4191,21215,7,2,4.67,5.22,4.86,6,3.17,1.33,-9.88,5,2,1.2,2,3.89,4,4,3.96,5.17,4.33,5.2,4.9,2,5.2,1,4,3.05,6,1,6,3.43
31,2987,3530,9,2,3.67,4.67,2.29,5.25,2,1,-5.82,2.33,1.5,2.8,4.4,4.56,3,3,3.52,5.33,3.33,5.6,4.76,4.4,2.6,1,2.2,2.55,3.75,1.6,4.58,2.43
129,4186,21351,8,2,3.56,4.78,4,4.5,2.67,1,-7.83,4,1.75,1.6,2.2,4,3.6,3.8,3.8,4.17,2.67,3.8,3.54,1.8,3.8,1,1.8,2.1,5,1,5.5,2.43
7,2133,1408,8,2,4.33,4.78,3.71,5.25,3.33,1,-7.35,3.83,3.75,1.4,2,4,3.4,4,3.8,4.33,3.67,3,3.67,1.2,1.8,1.8,1,1.45,6,1.6,5.7,4.29
232,6038,21377,8,2,3.78,3.56,2.29,5,3.5,2.67,-0.74,2.33,3.25,4.6,3.4,2.56,3,3.4,2.99,4,2.67,3.6,3.42,2,3.6,4.2,3.8,3.4,3.75,2.2,4.28,3
4,1462,314,8,2,4.11,3.67,2.43,2,2,4.33,3.81,2.5,2,2.6,3.8,2,3.2,2.4,2.53,2.5,2.33,2.2,2.34,2,2,2.6,2,2.15,4,3,4,3.29
8,2134,3541,8,2,2.89,3.33,3.71,4.75,3.17,1,-7.01,3.83,3.25,1.4,2.2,3.78,3.6,3.6,3.66,3.67,3.5,3.4,3.52,1.8,4.4,2.8,3.2,3.05,4.25,3.4,3.93,3.14
114,4031,9613,8,2,3.44,5.11,4,6,2,2,-8,4.17,1.25,2.6,3.8,1.78,3.2,4.2,3.06,4.33,4.67,4.8,4.6,1.6,2.4,1.4,1,1.6,5.25,4,4.13,3
152,4366,21343,7,2,3.33,3.44,3.57,4.75,4.83,3,-1.06,3.5,4.75,4,4.2,3.11,3.8,3.4,3.44,3.67,3.83,3.2,3.57,4.2,4.8,3.6,3.6,4.05,3.25,3.4,3.43,4.14
296,7468,22229,7,2,4.78,4.33,3.71,5.5,2.83,1.67,-6.76,3.67,2.75,2,2.6,3.78,3.6,3.2,3.53,3.5,2.83,3.6,3.31,1.2,2,1.2,2.8,1.8,2.75,2,3.88,2.71
130,4187,21285,8,2,4.89,4.89,3.14,3.25,2.5,1,-5.04,3.17,2.25,3.2,2.8,2.44,3.2,4.6,3.41,4.17,3.33,4.4,3.97,3,3,1.6,1.4,2.25,5.75,1.8,5.48,2
131,4189,21352,8,2,4.33,4.11,4,5,2.67,1,-8.33,3.83,2.5,1,2.2,3.56,3.4,2.8,3.25,3.83,3.33,5,4.06,1,1.6,1.8,1.2,1.4,4.75,1.6,5.08,2.14
135,4195,21292,8,2,3.78,3.56,4.86,3.75,4,3,-3.46,5.17,4.25,1.6,3,3.33,2.8,3.8,3.31,4.17,4.17,4,4.11,1.6,3,2.2,2,2.2,3.25,2.8,3.73,2
139,4201,21291,8,2,4.44,4,2,3.25,2.33,1.33,-2.25,2.17,2.25,1.4,2.4,1.22,2.6,2.4,2.07,4,2.33,3.6,3.31,1.8,2.6,2.2,2.2,2.2,4.25,3.4,3.93,2.86
200,5744,10680,8,2,4.67,4.78,3.29,4,2.67,1,-5.9,3.33,2,1,1.8,4.11,4.6,5.4,4.7,4.83,4.17,4.4,4.47,2.2,2.4,1,2.8,2.1,4.5,1.6,4.95,3
121,4174,21213,8,2,3.33,3.67,3.14,4.5,3,3.33,-1.12,3.17,2.75,3.6,4,2.67,2.6,2.2,2.49,3.83,3,3,3.28,3,3,3.6,3.6,3.3,1.25,5.2,1.53,4
124,4177,21289,8,2,4.44,4.22,3.86,4.5,3.83,1.67,-5.05,3.83,3.75,2.4,2.4,3.78,3.2,3.4,3.46,4,3.5,3.4,3.63,2.8,3,3.2,3.6,3.15,4,2,4.5,3.43
173,4766,9526,8,2,5.11,4.78,4.57,4.5,3.33,1,-8.31,4.5,3.5,2.4,3.2,3.56,5.4,3.4,4.12,5,4.17,4.2,4.46,2.4,1.4,1,2.4,1.8,6,1,6,2.29
134,4193,21212,8,2,3.56,3.44,2.14,3.5,3.67,2.67,1.21,2,3.5,3.6,4.2,2.44,4,3.2,3.21,3.83,3.17,4,3.67,2.4,3.6,2.8,3,2.95,3.75,3.2,3.78,2.43
138,4200,21210,8,2,3.56,3.56,3.86,4,3.17,2.67,-3.21,4,3,2.8,3,3.33,3.2,3.4,3.31,3.83,3.83,3.8,3.82,3.4,4,3,2.4,3.2,3.75,3.4,3.68,3.14
212,5788,7681,7,2,5.11,4.44,4.71,5.5,3.83,2,-7.1,4.67,3.75,2.2,2.2,3.78,4,3.6,3.79,4.17,4,4.2,4.12,2.4,2.8,2.8,2.6,2.65,4,2,4.5,3.57
241,6127,21380,7,2,3.56,3.33,3.86,4.5,5.17,4.33,1.62,3.5,5.5,4.4,4,3.78,4,4.4,4.06,4.33,3.5,3.8,3.88,2.4,2.8,4.2,3.6,3.25,4,2.8,4.1,3.86
298,7470,22227,7,2,4.56,4.78,5.29,5,4.17,1.67,-8.07,5.33,4.25,4,2,4.56,4.6,4.2,4.45,5,4.83,5.2,5.01,1.2,2.6,2,1,1.7,5,1.6,5.2,2.86
194,5637,21274,7,2,3.56,3.44,1.29,4,3.17,3,2.6,1,3,3,4,2,2.2,2.6,2.27,3.67,3.33,2.8,3.27,2,2,2.4,2,2.1,3.25,2.8,3.73,2.71
211,5787,7460,7,2,3.67,4.33,4.29,5,2.17,3.67,-4.07,4.33,2,3.6,3.4,3.89,3.4,3.2,3.5,3.5,3.17,4,3.56,2,2.4,3,2.2,2.4,3,3.8,3.1,2
669,13834,29847,7,2,4.33,4.67,4.86,5.5,1.67,1.33,-10.88,4.67,1.25,1.8,2.2,3.56,4.6,3.2,3.79,4.67,3.5,2.6,3.59,1.6,1.8,1.6,3,2,3.5,1.2,4.65,2.29
123,4176,21290,8,2,3,3.56,4,5.25,4.33,2.33,-4.25,4,4.5,2.8,3.2,3.22,3.4,3.2,3.27,3.67,3.67,3.8,3.71,4,4.6,3.2,4.2,4,3.75,3.4,3.68,3.57
128,4184,9531,7,2,4.44,4.89,4.71,5.25,4.67,2.33,-5.35,4.67,4.5,2,1.8,4.78,5.2,4.8,4.93,4.67,3.5,4,4.06,1,2.4,2.4,2.6,2.1,4.75,2.2,4.78,2.86
30,2950,21547,9,2,4.22,5.33,4.86,5,2.67,3,-6.05,5,2.5,1,1.4,4,4.2,3.6,3.93,5,3.67,3,3.89,6,5,2.2,6,4.8,2.75,4.2,2.78,2.29
334,7938,22637,8,2,3.33,3.22,2.57,5.75,3.17,2.67,-2.39,2.33,2.5,3.6,3.4,3,3.6,2.4,3,4.67,2.17,2.2,3.01,6,6,3.8,3,4.7,3.5,2,4.25,3.43
687,14256,31193,8,2,4,4.44,3.86,4.75,3.17,3.67,-1.96,4,2.5,3.2,3.2,3.11,3.8,3.4,3.44,3.83,3.5,3.8,3.71,2.8,2.4,2.6,2.2,2.5,4,4,3.5,3.14
80,3701,21670,9,2,4.33,4.56,4.14,4.25,2.67,1,-7.87,4.17,2.25,3.4,3.4,3.89,4,3.4,3.76,4.33,3.17,3.6,3.7,1.6,2.4,1,2,1.75,3.25,2.8,3.73,1.29
94,3743,21690,9,2,5.22,5.33,4.57,5,2.17,1,-9.98,4.5,1.75,2,1.8,4.11,4.4,3.2,3.9,3.83,3.33,3.4,3.52,1,1,1,1.2,1.05,4,1.8,4.6,1.43
105,3851,23773,9,2,2.78,3.89,5,5,4.5,3,-4.5,5.33,3.75,4.8,4.4,3.67,4.4,3.2,3.76,3.17,2.83,3,3,4.6,4,3.6,5.2,4.35,3.5,5,2.75,5.71
29,2948,21548,9,2,4.67,4.33,3.86,5.25,1.33,1,-9.63,3.83,1,1.6,2.2,4.11,5,2.4,3.84,3.67,3.17,3.4,3.41,3.4,3,1,2.8,2.55,4.25,1.6,4.83,2.14
686,14239,31178,8,2,4.78,4.44,4.43,6,4.33,1,-8.52,4.5,4.5,1.6,2.6,3.56,4.4,5,4.32,4.67,4.33,4.8,4.6,4.8,4.8,1.8,2,3.35,6,1.8,5.6,3.29
188,5465,21316,7,2,4.44,4,4,4.75,4.17,4,-0.58,4,4,3.2,3,3.44,4.4,3.4,3.75,4.33,4,4,4.11,3.2,4.4,3.8,3.8,3.8,4.25,3.4,3.93,3.86
187,5464,21315,7,2,5.56,5.67,5.43,5.5,2.17,1,-12.19,5.33,2.5,1.4,1.6,5.22,4.8,5.8,5.27,5.67,5.5,5.4,5.52,1,1,1,1,1,3.5,1.2,4.65,1.43
564,11633,24148,7,2,4.78,3.67,3.43,5,1,1,-8.86,3.33,1,2.6,2.8,1.22,4.2,3.8,3.07,3.5,3.5,4,3.67,2.8,3.2,1.4,2.6,2.5,4.25,1.6,4.83,2.43
63,3660,7708,8,2,3.67,3.89,4.14,5.5,4.17,2,-5.62,4.17,4,4,3.4,3.67,4,3.6,3.76,4.17,3.5,3.8,3.82,2.2,3.6,4.2,3.2,3.3,4.25,3.2,4.03,3.71
33,3051,21971,9,2,4.89,4.44,4.14,5.5,5,3,-2.79,4.17,5,1.4,1.6,5,4.2,4.2,4.47,4.17,4.83,4.6,4.53,3,4.6,3.6,3.8,3.75,5.75,1.2,5.78,2.43
628,12849,19905,7,2,4.33,4.67,4.43,4.75,4.67,5.33,1.73,4.67,4.75,3.6,2.8,4.22,4,4,4.07,3.83,3.5,4.4,3.91,2,2,3.6,2.2,2.45,3.5,3,3.75,4.14
24,2903,21968,8,2,4.44,4.89,5.14,5,3.83,2,-7.45,5.17,4,1.6,2.4,4.44,4.2,4.2,4.28,4.5,4.5,4.6,4.53,2,1.6,1.4,1.6,1.65,4.75,1.6,5.08,3.14
21,2622,3526,8,2,4.44,4.67,5.57,4.5,3.17,3.67,-5.14,5.67,3,2.4,2.4,3.33,3.2,3.6,3.38,4.67,4,3.8,4.16,3.4,5,4,5,4.35,2.25,5,2.13,3.14
240,6116,22285,8,2,5.22,4.67,4.57,4,2.83,1,-8.31,4.67,2.5,2.4,2,4.67,4.6,4.4,4.56,4.17,4,4.2,4.12,1.8,2.6,2.8,2.4,2.4,4.25,2.4,4.43,2.29
695,14499,31228,7,2,4.33,4.22,3.71,4.5,1.67,3,-4.26,3.83,1.25,2.6,3.2,3.22,3.6,3.2,3.34,3.83,3.67,3.4,3.63,1.6,2,1.6,2,1.8,2.75,2.4,3.68,2.43
103,3823,9609,7,2,3.67,3.78,3.71,5,4.17,1.67,-4.93,3.83,4.25,3,4,2.33,2.4,2.8,2.51,3,3.17,3.2,3.12,2.4,2.6,2.2,2.8,2.5,4.5,2.8,4.35,2.43
237,6085,10771,8,2,4.56,5,5.43,5,3.33,1,-10.52,5.33,2.75,2.8,1.6,3.89,4.2,4,4.03,5,4,4,4.33,1.6,1,1,1,1.15,5.5,1.8,5.35,2.14
375,8552,15188,7,2,4.33,4.33,5.29,4.75,5,4.67,-0.99,5.5,5,3.8,2.6,4.11,4.8,3.8,4.24,4.67,4.83,4.4,4.63,4.6,5.8,5,5.2,5.15,2.5,4.4,2.55,4.86
581,11886,24643,7,2,3.89,3.89,3.86,4.5,4.17,2.33,-3.38,3.83,4,4,2.8,3.33,4,3,3.44,4,3.17,3.8,3.66,2.4,2.4,3,2.2,2.5,3.25,3.6,3.33,3
342,8096,23230,7,2,3.22,3.33,2,3.25,2.17,2,-1.08,2,1.75,4,4.2,2.11,3,2.4,2.5,2.83,2.17,2.8,2.6,2.8,2.8,1.2,2.4,2.3,1.5,4,2.25,1.57
559,11420,24440,7,2,4,4.78,3.57,3.5,1,1,-7.64,3.5,1,1,1.4,3.67,3,3.4,3.36,3.83,4.17,3.8,3.93,1.2,1.2,1,1,1.1,5,2.2,4.9,1.43
462,10419,24028,8,2,4.89,4.33,4.29,4,3.17,1.33,-6.74,4.33,3,2.2,1.6,4.11,4.8,3.8,4.24,3.83,3.67,3.4,3.63,3.6,3.4,2.8,3.6,3.35,5.5,1.4,5.55,3
385,8830,23360,7,2,3.56,4.33,4,4.75,4.17,2.67,-3.25,4,3.75,2.4,1.8,4,3.6,3.8,3.8,3.83,3.5,3,3.44,1,3.6,4.2,5.4,3.55,3,3.6,3.2,3.43
11,2160,5957,9,2,1.56,4.44,3.43,4.75,5.83,6,6.23,3,5.75,2,4.4,4,4,4.2,4.07,3.33,4.67,5.2,4.4,6,6,6,6,6,1,6,1,1.71
650,13445,27642,7,2,4.56,3.78,5.14,4,3.83,1.33,-7.79,5.17,3.75,3.8,2.4,3.22,3.4,4,3.54,4,5.33,5.2,4.84,2,4.6,3,3.4,3.25,5.25,2,5.13,1.86
239,6107,22243,8,2,3.67,4,3.71,5.25,2.17,2.33,-5.85,3.83,1.5,2.8,2.6,2.67,2.6,3.6,2.96,4.17,3,3.4,3.52,1.6,1.2,1,1.6,1.35,4,4.2,3.4,3.29
673,13879,30043,8,2,3,2.44,2.71,5.25,5.5,5,4.82,2.83,6,4.4,2.2,2.44,3.6,2.6,2.88,3.33,2.83,2.6,2.92,4.8,6,5.8,5.8,5.6,1,5.8,1.1,4.43
228,5960,22340,7,2,4,4.33,3.71,6,3.5,1,-7.93,3.67,2.5,2.4,2.4,4.11,3.4,3.6,3.7,4,3.5,2.8,3.43,1,1.6,2,2,1.65,3.75,3.6,3.58,2.43
120,4164,23922,7,2,3.56,3,2.29,3.75,1.33,1,-4.99,2.17,1,2.2,4.2,3,2.8,3.4,3.07,3.17,3.17,3.4,3.24,1,1,1,1,1,3.5,3,3.75,2.14
249,6429,21814,7,2,3.89,3.11,2.71,2.75,2.33,1.67,-2.51,2.67,2.25,2.8,3.6,2.67,4.2,2.4,3.09,2.67,2.17,2.4,2.41,2.6,3,2.4,3,2.75,3.5,2.4,4.05,2.57
153,4367,21711,7,2,4.89,4.22,3.43,4.5,3,2.33,-3.69,3.67,2.75,1.8,3.2,3.11,4.6,3.8,3.84,4.5,4.83,3.6,4.31,1.4,1.8,3.2,2,2.1,4.5,3.2,4.15,3.43
17,2557,21546,7,2,4.78,5,4.57,5,4.5,1.67,-6.31,4.5,4.5,2.2,1.4,3.89,3.8,4.4,4.03,5.33,4.5,4.2,4.68,3,3.6,3.8,2.8,3.3,5.75,2.4,5.18,2.43
618,12677,25322,8,2,4.89,3.89,4.57,4.75,3,2,-6.89,4.67,2.25,2.6,2,3.44,4.4,4.4,4.08,3.83,4,4.6,4.14,3.4,4.2,4.4,3.6,3.9,3.5,3.4,3.55,2.86
18,2595,21980,8,2,3.78,3.67,3.14,3.25,2.17,2.33,-2.7,3.33,1.5,3.4,3.6,2.33,2.4,3,2.58,3.33,2.5,3,2.94,1.4,3.6,2,2.2,2.3,4.25,2.4,4.43,2.14
9,2135,3547,8,2,6,5.78,6,5.25,3.5,1,-11.75,6,2.75,2.8,1.6,5.56,4.8,4.8,5.05,5.5,5.17,5,5.22,2.2,1,1,2.2,1.6,6,1,6,1.43
15,2500,21970,8,2,3.56,4.11,3.86,4,3.83,2,-3.88,3.83,4.25,1.6,3,4.44,4,5,4.48,3.67,3.17,3,3.28,4,4,3.4,3.8,3.8,2.5,2.6,3.45,2.57
6,2116,21492,7,2,4.44,5,4.14,4.75,3.17,2,-5.87,4.17,2.5,2.4,2.2,3.78,3.2,4.6,3.86,4.83,4.33,4.6,4.59,1,2.4,2.2,2.6,2.05,4.25,3,4.13,1.43
102,3822,9593,7,2,5.33,4.44,4.43,5.25,3.83,1,-8.27,4.67,4,1.2,1.6,5,4.6,4.6,4.73,3.83,3.67,3.6,3.7,1,1.6,2,1,1.4,4.5,1.8,4.85,2.14
631,12894,20996,9,2,4.89,4.67,4.57,4.5,1.67,1,-9.98,4.33,1.75,1,1.8,3.33,4.2,4.2,3.91,4.67,4.5,4.6,4.59,2.4,1.8,1,1.4,1.65,5.75,1.2,5.78,2.43
230,6024,22305,7,2,2.11,2.78,2.14,3.5,4,5,6.21,2.17,5,4.4,5,2,3.2,2,2.4,2.33,1.83,1.6,1.92,3.6,5,4.8,5,4.6,3.5,4.8,2.85,3.29
195,5666,21411,7,2,3.78,4.22,5.29,4,3.17,1,-9.4,5.17,3.75,4,1.2,3.89,4.8,3.8,4.16,3.67,2.17,3.4,3.08,6,6,1.8,2.8,4.15,6,1.6,5.7,1.86
13,2283,3695,8,2,5.22,4.89,4.29,4.75,1.33,1,-9.99,4.17,1.5,1.6,2.4,4.33,5,4,4.44,4.5,4.17,4.6,4.42,1.2,1,1,1.6,1.2,5.25,1.2,5.53,1
32,3006,126,8,2,5.44,5.11,5.43,4.75,2.5,1,-11.11,5.5,2.25,1.6,2,4.56,4.2,4.8,4.52,4.67,4.5,4.2,4.46,1,2.4,1.2,1.6,1.55,4.75,1.4,5.18,2.71
275,6891,22028,10,3,4.56,3.89,4,5,3.5,2,-5.5,3.83,3.25,2.6,2.2,3.67,4,3.8,3.82,3.83,4,4.6,4.14,3.4,3.2,2,3.2,2.95,4.25,1.2,5.03,3
406,9307,23505,10,3,2.89,2.89,3.14,4.25,1.5,1,-7.04,3.17,1,2.4,2.8,3.67,3.2,2.2,3.02,2.17,2.33,2,2.17,1.2,2,1,2.6,1.7,1.75,4.8,1.98,3
417,9430,23552,11,3,4.11,3.89,4.29,5,3.83,2.33,-5.07,4.33,3.75,4.6,3.6,4.11,4,4.6,4.24,4.67,4,4.2,4.29,3,3.8,3.6,3.6,3.5,4.25,3.6,3.83,4
429,9576,24221,10,3,2.89,4,3.29,3.5,4.33,3.33,0.93,3.5,4.25,3,3.6,4.44,3.6,3.4,3.81,3.5,3.83,3.4,3.58,6,5.4,2.2,6,4.9,4,3.6,3.7,2.29
219,5829,23528,10,3,5.56,5.11,6,6,2.17,1,-13.83,6,1.5,1,1.2,6,5.2,5.4,5.53,6,6,6,6,2.2,1.8,1,1,1.5,6,1,6,1.43
397,9152,24012,10,3,4.56,4.67,5,5.25,2.83,2,-8.42,5,2,2.4,2.8,4.56,4.6,4.2,4.45,5.17,4.17,4.4,4.58,3.6,4.2,2.2,4,3.5,4.75,2.2,4.78,2.14
398,9153,24251,10,3,3.44,4.11,3.29,4,1.83,2.33,-4.07,3.33,1.75,3.2,3.2,3.22,2.2,3,2.81,3.33,3.17,3,3.17,2.4,3.6,2.4,3.2,2.9,3.5,3.8,3.35,3
396,9148,24232,10,3,2.89,3.11,3.29,4,3.33,2.33,-2.57,3.17,3.25,4.2,3.2,3.78,3.2,3.2,3.39,4,3.17,3.2,3.46,3.4,4,2.8,4.2,3.6,4,3.4,3.8,3.29
677,14040,31106,10,3,3.89,3.78,3.43,4.25,4.17,2.67,-1.61,3.5,4,2.8,2.8,3.56,3.6,3.6,3.59,3.83,3.33,3.4,3.52,4.2,4.6,3.2,3.8,3.95,5,3,4.5,3
752,15860,32097,11,3,3.22,3.67,3.71,4.5,3.83,3,-2.1,3.67,3.75,3.8,3,3.44,3.2,2.8,3.15,2.33,2.33,2.8,2.49,2.4,2.4,2.4,3.4,2.65,6,2.6,5.2,3.57
395,9143,24223,10,3,3.89,4.33,4.29,5,4,1,-7.57,4.33,3.75,3,2.4,4,3.8,3.4,3.73,4.33,3.83,4,4.06,4.4,3.6,2.6,4,3.65,5,1.6,5.2,3.14
308,7523,22271,10,3,4.22,4.44,4.57,6,4.83,2,-6.31,4.33,4.5,4.4,3.2,4.33,3.8,4.2,4.11,4.5,4.5,4.4,4.47,3.8,4.6,2.2,4.2,3.7,4.5,3.6,3.95,4.71
389,9081,23430,11,3,3.22,1.89,2.86,3.5,3.67,1.33,-2.88,2.83,3.75,2.6,3.2,1.11,3.4,3.2,2.57,3,3,4,3.33,1,2.6,1.8,2.6,2,4.5,2,4.75,3.29
204,5765,7280,10,3,4.67,4.56,4.29,3.25,3.67,2,-4.15,4.67,3.5,4.2,3,5.33,4.2,3.4,4.31,3.83,3.83,3.8,3.82,3,3.8,2,1.8,2.65,3.5,2.6,3.95,2.71
165,4433,9630,11,3,5,5.11,3,4.5,2.67,2,-3.83,3.17,2,2.6,3,3,3,3.8,3.27,3.83,3.83,4.2,3.96,1.4,1.6,1,1.6,1.4,4,1.8,4.6,1
205,5766,7274,10,3,4.89,5.33,5.29,5.5,4,1.67,-8.74,5.33,4,1.6,1.6,5.67,5,5.6,5.42,5.17,5.17,4.6,4.98,1.4,1.6,1.4,1.8,1.55,4.75,2.4,4.68,2.43
739,15560,31957,10,3,4.44,4.89,2.14,6,1.83,1,-6.45,1.67,1,4,2,3.89,4.4,3.6,3.96,5.67,4.67,4.8,5.04,4.2,4,1,3.6,3.2,5,2.8,4.6,3.14
163,4429,9591,11,3,3.11,2.89,2.43,2.75,3.5,2.33,0.56,2.5,3.5,3.8,4,2.22,3,3.2,2.81,3.5,3,3.6,3.37,4.4,4.8,3.8,3.6,4.15,3.75,3.6,3.58,3.57
207,5768,7275,10,3,5.11,5,4.71,4.75,4.17,3,-4.01,4.67,4,1.6,2.4,2.67,3.6,3.6,3.29,4.5,3.5,3.8,3.93,1,1,2.6,1,1.4,6,1,6,3.43
28,2945,21973,11,3,3.78,4,2.57,4.25,3,2,-2.39,2.67,2.75,3,3.4,2.56,3.2,3,2.92,4.17,2.67,2.8,3.21,2.8,3,2,3.4,2.8,4,2.6,4.2,2.86
202,5763,7278,10,3,3.44,2.22,2.57,3.5,3.83,5,5.19,2.67,3.75,1.8,3,1.89,3,3.6,2.83,3.83,2.67,1.6,2.7,1.8,4.2,2,1.4,2.35,2.75,4,2.88,2.86
164,4432,9629,11,3,3.78,2.89,4.29,5.25,4,1.33,-7.15,4.17,4,3,3.2,1.78,4.4,3.4,3.19,3.67,3,2.4,3.02,5.2,3.8,2.4,3.4,3.7,5.25,1.8,5.23,1.57
206,5767,7276,10,3,4.44,4.44,4.57,5,4.67,2,-5.48,4.67,4.5,1.6,2.4,2.56,3.4,4,3.32,4.17,3.67,4.6,4.14,1.6,1,1.8,1,1.35,4,3.8,3.6,1.86
660,13680,29853,10,3,5.22,5,6,6,5.17,1.67,-9.5,6,4.75,2.2,1.2,4.78,5.4,5.2,5.13,6,5.5,5.8,5.77,2.6,4,4.2,2.2,3.25,5.75,1.8,5.48,2.57
661,13681,29854,10,3,4,4.44,4.71,5.25,4.5,1.67,-6.85,4.67,4.25,4.2,2.4,3.44,4.2,3.8,3.81,4.5,4,3.4,3.97,1.2,1,3,1.2,1.6,5,1.4,5.3,3.86
203,5764,7272,10,3,4.33,3.78,3.29,3.5,5,4.67,4.26,3.5,5,2.2,3.6,1.67,3.8,4.2,3.22,3.33,3.5,4,3.61,2.8,3.2,3.6,3,3.15,4,2.6,4.2,2.29
208,5769,7273,10,3,4.56,4.11,3.86,4.25,2.83,1.33,-6.46,4,3,3.2,2.6,4.11,4.4,4,4.17,4.17,3.33,4,3.83,3,2.6,1.8,2.2,2.4,4.75,2,4.88,2.14
295,7445,22349,10,3,5.11,4,4.29,5.25,2.83,1.67,-7.65,4.33,2.5,2.2,2.4,3.89,5.4,3.8,4.36,4,3.83,4,3.94,4.2,3.4,2.8,1.8,3.05,4.25,2.4,4.43,2.43
190,5492,387,10,3,3.22,3.78,4.57,5.5,4.17,1.33,-7.81,4.67,4,1.8,4,3.89,4,4.2,4.03,3.83,4.33,3.8,3.99,1.6,3.4,2,1.8,2.2,6,3.2,4.9,4.14
189,5490,386,10,3,4.44,4,3.86,6,3.83,2.67,-4.55,3.83,2.75,1,1.6,3.22,3.4,3.6,3.41,5.5,4.17,3,4.22,2,5,1.8,3,2.95,3.75,4.4,3.18,3.57
37,3128,1429,10,3,4.33,3.33,4.29,3.25,1.5,3,-4.32,4.67,1,1.8,3.8,2.11,3.6,2.6,2.77,3.83,2.83,2.8,3.16,1,1.8,1.8,1,1.4,4.25,2.6,4.33,2.14
171,4738,3707,10,3,5.56,4.56,4.43,4.75,2.17,1,-9.44,4.5,2.5,1.8,2.6,3.67,4.2,3.6,3.82,4.5,3.33,4.4,4.08,2,2.6,1,2,1.9,4.75,1.6,5.08,3.57
317,7699,22469,11,3,4.33,3.22,2.71,5,1.67,1,-6.76,3,2,2,3,3.44,5,3.6,4.01,3.83,4,3.8,3.88,3.2,2.6,1.4,1.6,2.2,4.75,1,5.38,1.86
172,4739,8841,10,3,4.78,4.11,4.71,5,3,1,-9.43,5,2.5,1.4,1.6,4,4.2,3.2,3.8,5,3.5,3,3.83,1.6,3.8,3.2,2.6,2.8,4,2,4.5,3.57
311,7649,22470,11,3,4.11,3.44,3.71,4.75,3.67,2,-4.51,3.67,3.25,2.8,2.4,2.44,3.4,4,3.28,3.17,3.83,4.2,3.73,5.2,4.2,2.8,3.8,4,5.75,2,5.38,3
337,8010,22863,10,3,4.11,3,3,4.5,2.33,1.33,-5.5,2.83,2,3.6,3.2,1.89,2.6,3.4,2.63,3.5,2.67,3.8,3.32,1.8,2.8,1.8,2.4,2.2,6,1.2,5.9,2.14
176,4962,21673,11,3,5.56,5,5,4,2.83,1,-9.17,5,2.25,1.8,3.2,6,5,4.8,5.27,5,5,5.2,5.07,3.8,4.4,2.2,2.4,3.2,5.25,2,5.13,2
175,4961,21805,11,3,4.22,4.89,5.43,4.75,2.67,1,-10.94,5.33,1.5,1,1.6,4.89,3.4,4.4,4.23,5,3.5,3.2,3.9,5.2,2.8,1.6,2,2.9,5.25,1.6,5.33,2.43
177,4963,21806,11,3,4.44,4.89,4.57,4.75,2.67,1,-9.23,4.5,1.5,1,3.4,2.67,3.8,5,3.82,3.67,3.67,4.2,3.84,5,5.8,2,5.2,4.5,6,1.2,5.9,1.71
59,3434,8737,10,3,4.22,4.56,4.29,5.25,3.5,2,-6.32,4.5,3.25,2.6,2.2,5.44,4.6,4.8,4.95,4,4,4.2,4.07,2.2,2,2.2,2.4,2.2,4.75,3.2,4.28,2
56,3334,6103,10,3,4.78,3.11,4.14,5.25,3.83,2.33,-5.04,4,3.75,2.4,2,3.89,4.4,4,4.1,4,3.83,4.2,4.01,2.8,2.8,3.4,3,3,5,1,5.5,1.86
