id,user_id,diag_student_id,created_date,self_efficacy,math_self_efficacy,in_goal_Orientation,out_goal_Orientation,learning_readiness,learning_ability,parent_communication,test_anxiety,math_anxiety,academy_relies
24,,16,2016-06-08,13,13,7,5,20,47,22,30,10,0
25,,16,2016-06-08,21,6,5,5,30,54,23,12,12,12
26,,18,2016-06-08,13,13,7,7,17,27,23,25,14,18
27,,20,2016-07-07,16,15,8,7,17,29,25,24,18,18
28,,21,2016-07-09,16,16,12,6,21,38,31,21,7,9
29,,21,2016-07-09,16,16,12,6,21,38,31,21,7,9
30,,22,2016-07-09,15,12,10,6,22,50,40,13,6,5
31,,19,2016-07-11,14,16,9,5,15,38,31,30,9,17
32,,19,2016-07-11,14,14,15,15,30,54,24,39,12,36
33,,19,2016-07-11,21,22,15,15,20,40,20,30,12,28
34,,19,2016-07-11,20,19,10,6,22,50,40,13,6,5
35,,23,2016-07-12,11,13,6,11,10,36,21,27,12,20
36,,24,2016-07-12,20,14,12,9,22,35,24,29,10,31
37,,26,2016-07-19,16,20,6,9,15,33,9,36,14,6
38,,27,2016-07-19,13,12,8,10,15,27,20,28,14,14
39,,28,2016-07-21,20,15,6,8,18,44,34,16,13,11
40,,29,2016-07-22,20,15,7,9,15,39,31,25,10,16
41,,30,2016-07-23,11,15,8,10,16,36,23,29,13,17
42,53.0,18,2016-07-29,17,16,10,10,21,27,22,30,12,12
43,5.0,32,2016-07-29,15,16,9,7,17,39,20,29,11,18
44,53.0,18,2016-07-29,6,21,10,10,30,54,24,29,12,36
45,5.0,33,2016-08-04,19,18,10,4,17,38,26,21,9,14
46,5.0,34,2016-08-06,18,12,8,7,10,26,20,21,12,12
47,78.0,38,2016-08-09,15,14,13,9,18,39,18,27,14,14
48,87.0,40,2016-08-11,22,24,15,7,29,56,37,16,2,12
49,5.0,41,2016-08-11,17,14,8,6,17,45,24,32,15,14
50,122.0,42,2016-08-11,19,15,14,5,16,44,35,33,14,15
51,78.0,43,2016-08-12,10,9,6,6,14,26,27,30,16,18
52,5.0,45,2016-08-19,17,15,10,8,17,39,22,27,11,16
53,78.0,46,2016-08-22,22,17,10,7,21,40,41,21,10,7
54,78.0,47,2016-08-22,13,9,13,14,14,36,16,26,1,4
55,78.0,48,2016-08-22,15,18,13,5,12,43,6,9,5,9
56,87.0,49,2016-08-24,14,19,9,7,18,42,23,23,6,15
57,50.0,50,2016-08-24,22,23,15,5,26,51,29,11,0,2
58,50.0,52,2016-08-30,16,12,7,2,11,30,23,24,13,11
59,78.0,53,2016-08-31,25,23,14,8,21,46,25,18,3,5
60,78.0,54,2016-08-31,16,18,9,7,16,38,28,24,10,15
61,78.0,55,2016-08-31,25,23,8,10,22,51,36,20,5,5
62,87.0,56,2016-08-31,14,17,8,9,11,18,1,23,10,28
63,87.0,57,2016-08-31,20,22,12,8,16,41,28,20,5,11
64,79.0,58,2016-09-01,15,14,10,6,14,35,22,26,12,5
65,50.0,61,2016-09-24,16,15,4,9,20,33,31,20,17,13
66,87.0,65,2016-09-28,18,18,10,8,19,42,28,10,4,14
67,50.0,66,2016-10-03,23,19,11,9,19,41,23,23,9,17
68,128.0,68,2016-10-13,17,12,6,4,11,28,33,15,8,9
69,128.0,69,2016-10-13,23,25,10,10,22,59,34,12,7,5
70,130.0,70,2016-10-14,25,23,12,9,23,50,38,11,1,7
71,130.0,71,2016-10-14,14,19,6,3,14,38,37,23,8,9
72,80.0,72,2016-10-15,16,13,7,8,10,29,17,29,10,12
73,130.0,80,2016-10-17,22,25,15,2,20,52,31,21,0,15
74,130.0,78,2016-10-17,18,19,8,8,19,50,30,13,5,17
75,42.0,37,2016-10-17,17,19,6,7,15,39,19,28,12,18
76,87.0,82,2016-10-17,17,15,5,10,12,25,18,29,15,15
77,130.0,81,2016-10-17,17,16,9,10,16,44,32,24,8,14
78,130.0,83,2016-10-17,13,10,10,4,14,37,15,28,18,13
79,133.0,84,2016-10-17,19,18,10,8,21,44,28,21,8,15
80,133.0,85,2016-10-17,22,25,12,6,30,61,42,11,4,4
81,130.0,86,2016-10-17,18,13,6,2,13,39,26,16,11,12
82,133.0,88,2016-10-18,22,26,15,6,26,58,38,13,1,7
83,130.0,89,2016-10-18,12,14,10,7,14,35,26,20,13,18
84,87.0,91,2016-10-19,16,15,10,7,11,32,17,30,16,11
85,130.0,90,2016-10-19,21,24,8,10,22,46,37,28,4,18
86,130.0,92,2016-10-19,21,20,13,7,20,45,19,15,7,15
87,130.0,93,2016-10-19,12,12,8,9,16,44,25,20,6,21
88,130.0,94,2016-10-19,19,21,11,13,25,53,40,28,7,15
89,130.0,95,2016-10-19,18,18,11,2,21,41,23,13,5,14
90,130.0,96,2016-10-19,16,19,10,6,15,45,32,15,6,17
91,133.0,98,2016-10-20,11,12,6,11,14,34,16,23,10,9
92,87.0,99,2016-10-20,16,15,10,7,11,32,17,30,16,11
93,133.0,97,2016-10-20,23,24,14,2,24,53,39,11,4,20
94,133.0,101,2016-10-21,21,18,11,13,21,51,41,19,5,23
95,130.0,100,2016-10-21,11,14,8,6,14,37,21,25,8,18
96,130.0,105,2016-10-21,24,21,13,7,20,51,36,19,4,11
97,130.0,106,2016-10-21,25,23,12,8,22,60,35,10,1,9
98,130.0,107,2016-10-21,19,11,10,7,20,42,26,18,12,7
99,130.0,108,2016-10-21,22,22,15,10,26,57,41,17,5,12
100,130.0,109,2016-10-21,25,24,14,7,26,59,32,13,2,8
101,133.0,110,2016-10-22,21,25,10,6,26,52,42,11,2,9
102,133.0,111,2016-10-22,24,12,8,2,23,37,36,14,11,0
103,133.0,113,2016-10-22,15,15,8,7,16,35,28,27,13,13
104,5.0,116,2016-10-22,21,6,0,0,3,45,22,12,12,21
105,130.0,115,2016-10-22,18,18,8,6,19,43,19,19,10,9
106,130.0,114,2016-10-22,21,20,12,5,30,55,36,33,12,3
107,133.0,112,2016-10-22,21,27,15,6,26,62,42,11,2,16
108,130.0,117,2016-10-22,10,12,5,15,18,34,26,42,10,23
109,130.0,118,2016-10-22,16,16,9,10,16,41,25,26,9,8
110,130.0,120,2016-10-22,23,27,12,7,27,61,42,7,1,3
111,130.0,119,2016-10-22,14,11,8,8,11,31,32,24,14,20
112,130.0,121,2016-10-22,5,11,2,9,4,13,13,35,13,32
113,130.0,122,2016-10-22,16,16,8,6,16,40,28,24,7,12
114,78.0,123,2016-10-23,24,23,8,10,19,51,38,17,5,14
115,133.0,124,2016-10-24,17,13,9,7,20,38,40,22,10,11
116,133.0,125,2016-10-24,26,25,15,0,30,62,42,6,0,7
117,87.0,126,2016-10-24,14,2,5,2,18,36,22,25,9,9
118,87.0,127,2016-10-24,25,21,14,10,24,51,41,13,2,13
119,130.0,93,2016-10-25,17,17,8,9,16,44,25,20,6,21
120,125.0,128,2016-10-25,20,24,15,7,24,56,18,22,3,12
121,133.0,129,2016-10-26,14,19,8,9,17,36,23,24,10,19
122,133.0,131,2016-10-29,24,23,11,14,22,45,32,10,2,13
123,125.0,133,2016-10-29,23,20,12,9,26,57,35,13,12,16
124,130.0,132,2016-10-29,15,12,7,7,16,37,27,23,11,14
125,78.0,134,2016-10-29,21,15,8,5,16,42,31,25,9,6
126,78.0,135,2016-10-29,15,13,7,7,14,32,21,20,11,14
127,133.0,136,2016-10-31,26,26,14,3,25,55,39,12,3,7
128,125.0,139,2016-11-02,21,17,10,2,21,45,32,15,5,10
129,133.0,137,2016-11-02,24,27,15,10,30,62,42,8,0,13
130,133.0,141,2016-11-03,26,24,13,3,27,57,37,14,3,20
131,133.0,130,2016-11-03,22,20,13,8,20,42,34,13,7,11
132,133.0,140,2016-11-03,19,20,9,8,18,46,31,22,7,15
133,133.0,142,2016-11-04,27,27,15,11,30,60,42,14,2,23
134,133.0,143,2016-11-05,16,19,11,2,15,42,33,19,8,18
135,133.0,147,2016-11-08,22,17,11,7,19,49,32,14,8,20
136,129.0,148,2016-11-09,15,14,10,8,13,35,19,25,11,20
137,133.0,149,2016-11-11,16,15,8,10,12,36,6,12,6,5
138,130.0,150,2016-11-11,9,17,12,12,19,42,32,37,7,18
139,133.0,145,2016-11-12,23,23,13,7,20,53,38,13,3,8
140,125.0,152,2016-11-12,17,15,10,4,16,39,33,9,7,9
141,125.0,153,2016-11-12,23,25,14,4,19,46,36,19,0,13
142,125.0,156,2016-11-12,19,22,12,7,18,49,40,14,8,11
143,125.0,157,2016-11-12,21,17,11,3,22,43,15,32,15,6
144,125.0,158,2016-11-12,14,13,14,4,16,49,21,26,12,12
145,125.0,159,2016-11-12,23,21,13,9,22,55,41,14,1,14
146,125.0,160,2016-11-12,26,25,12,0,19,48,40,11,3,6
147,125.0,161,2016-11-12,16,17,7,9,14,38,19,29,14,21
148,125.0,162,2016-11-12,16,23,15,9,20,50,27,18,4,18
149,125.0,163,2016-11-12,23,25,14,6,22,46,32,14,5,13
150,125.0,164,2016-11-12,24,22,15,2,20,52,32,16,5,10
151,125.0,165,2016-11-12,21,16,10,8,20,41,35,21,10,17
152,125.0,166,2016-11-12,15,17,9,8,20,41,24,25,9,19
153,125.0,167,2016-11-12,16,16,9,6,12,35,20,21,7,15
154,125.0,168,2016-11-12,22,19,12,0,21,44,31,13,5,3
155,125.0,154,2016-11-12,19,20,10,10,12,40,32,18,8,15
156,125.0,169,2016-11-12,24,24,12,1,24,56,40,10,5,1
157,125.0,151,2016-11-12,13,15,11,8,15,37,25,28,14,20
158,125.0,170,2016-11-12,21,24,15,2,23,50,37,11,8,6
159,125.0,171,2016-11-12,26,27,15,5,29,56,40,7,3,6
160,125.0,172,2016-11-12,27,24,13,8,30,58,41,15,13,22
161,125.0,173,2016-11-14,24,21,11,6,22,45,25,7,8,5
162,125.0,174,2016-11-14,17,17,10,6,20,34,26,25,12,14
163,125.0,175,2016-11-14,22,19,13,5,19,52,34,13,4,3
164,125.0,176,2016-11-14,17,15,11,10,20,39,19,27,15,0
165,125.0,177,2016-11-14,18,19,10,6,17,39,33,15,9,15
166,125.0,178,2016-11-14,23,18,10,7,15,39,38,21,11,18
167,125.0,179,2016-11-14,17,17,11,6,18,47,19,25,14,14
168,125.0,180,2016-11-14,24,22,11,7,22,51,29,14,3,14
169,125.0,181,2016-11-14,20,16,8,9,16,43,40,10,4,10
170,125.0,182,2016-11-14,25,24,11,11,21,48,30,18,0,13
171,125.0,183,2016-11-14,24,21,13,5,26,55,39,15,9,6
172,125.0,184,2016-11-14,16,16,12,7,20,42,28,21,11,13
173,125.0,185,2016-11-14,21,20,14,11,20,51,34,23,5,20
174,125.0,186,2016-11-14,22,18,14,5,20,48,32,14,5,0
175,125.0,187,2016-11-14,26,23,10,4,23,50,40,11,6,12
176,125.0,188,2016-11-14,23,23,11,4,24,39,34,11,10,0
177,125.0,189,2016-11-14,20,17,11,8,21,44,41,19,9,12
178,125.0,190,2016-11-14,24,15,10,8,17,41,42,16,9,8
179,125.0,191,2016-11-14,21,20,12,7,19,50,40,16,7,10
180,125.0,192,2016-11-14,20,20,10,1,22,45,41,14,9,3
181,125.0,193,2016-11-14,18,17,8,7,21,44,25,27,8,14
182,125.0,194,2016-11-14,26,19,10,7,21,53,38,14,9,2
183,125.0,195,2016-11-14,14,14,10,6,14,41,36,25,6,16
184,80.0,196,2016-11-14,9,9,4,10,12,24,30,32,11,0
185,78.0,198,2016-11-22,18,13,4,7,18,37,19,23,10,18
186,87.0,199,2016-11-22,24,24,13,9,25,61,39,18,2,10
187,87.0,200,2016-11-22,21,23,11,4,22,52,39,10,4,6
188,133.0,202,2016-11-26,15,12,10,10,15,35,24,30,11,20
189,78.0,204,2016-11-28,16,13,9,7,16,40,26,24,11,14
190,87.0,206,2016-11-29,21,20,9,8,13,29,17,24,4,16
191,78.0,207,2016-11-30,23,17,12,2,24,55,36,8,5,4
192,78.0,208,2016-11-30,5,8,5,9,14,25,29,25,19,11
193,130.0,210,2016-11-30,19,19,10,11,21,39,39,24,9,15
194,133.0,211,2016-12-01,24,20,11,10,28,61,35,11,6,3
195,50.0,212,2016-12-02,15,20,11,11,22,46,18,27,7,28
196,133.0,197,2016-12-03,23,24,11,7,18,42,23,18,0,18
197,130.0,215,2016-12-03,17,14,7,7,18,37,36,18,12,10
198,132.0,216,2016-12-04,26,25,14,12,26,50,28,10,3,15
199,133.0,218,2016-12-05,27,27,15,12,30,60,33,9,3,21
200,130.0,217,2016-12-05,16,16,11,1,19,45,26,20,12,13
201,133.0,220,2016-12-06,10,11,6,8,11,26,25,30,13,19
202,150.0,224,2016-12-08,12,6,9,6,15,37,17,31,24,12
203,150.0,225,2016-12-08,25,26,14,6,28,56,42,8,2,23
204,133.0,221,2016-12-08,18,16,9,6,18,40,31,17,12,13
205,133.0,222,2016-12-08,19,16,8,6,14,36,30,27,9,14
206,133.0,214,2016-12-08,19,19,12,11,20,36,35,27,4,22
207,133.0,213,2016-12-09,15,16,9,0,17,40,29,14,8,12
208,133.0,227,2016-12-10,26,26,14,11,24,62,29,10,3,19
209,133.0,228,2016-12-10,25,22,14,7,17,48,25,13,7,15
210,133.0,230,2016-12-10,18,16,11,6,18,39,26,23,5,14
211,133.0,231,2016-12-10,16,21,9,10,17,42,36,18,9,13
212,133.0,231,2016-12-10,16,21,9,10,17,42,36,18,9,13
213,133.0,231,2016-12-10,16,21,9,10,17,42,36,18,9,13
214,133.0,231,2016-12-10,16,21,9,10,17,42,36,18,9,13
215,133.0,231,2016-12-10,16,21,9,10,17,42,36,18,9,13
216,133.0,231,2016-12-10,16,21,9,10,17,42,36,18,9,13
217,133.0,232,2016-12-11,21,14,8,4,21,45,40,14,8,9
218,150.0,233,2016-12-12,21,17,13,0,18,40,34,10,3,11
219,150.0,234,2016-12-12,23,20,9,9,19,40,29,17,8,9
220,150.0,236,2016-12-12,26,25,11,10,22,59,41,12,4,16
221,150.0,251,2016-12-14,18,18,8,6,16,39,27,16,10,17
222,150.0,252,2016-12-14,16,18,10,8,15,48,21,22,14,13
223,150.0,254,2016-12-14,24,22,14,2,22,53,28,13,7,3
224,80.0,194,2016-12-14,22,20,11,6,19,54,42,10,2,2
225,151.0,256,2016-12-14,17,17,9,6,17,42,21,27,11,15
226,79.0,257,2016-12-15,15,19,8,7,18,40,39,25,11,9
227,130.0,258,2016-12-17,12,11,7,9,13,27,26,38,15,13
228,87.0,259,2016-12-17,19,17,11,6,19,39,24,22,11,14
229,125.0,260,2016-12-17,18,16,11,7,19,34,27,20,9,15
230,133.0,203,2016-12-17,11,10,5,9,12,30,25,27,16,16
231,150.0,261,2016-12-17,17,18,15,5,16,48,22,23,3,16
232,150.0,262,2016-12-17,16,21,14,4,19,45,11,18,11,13
233,150.0,263,2016-12-17,20,15,10,6,18,45,26,23,11,17
234,150.0,264,2016-12-17,22,19,10,4,22,38,31,12,5,6
235,150.0,265,2016-12-17,18,18,14,3,18,33,18,17,11,10
236,150.0,266,2016-12-17,13,14,5,8,12,30,29,21,11,20
237,150.0,267,2016-12-17,18,18,8,6,19,36,28,22,8,13
238,122.0,268,2016-12-19,16,17,9,6,19,51,30,22,9,8
239,80.0,269,2016-12-20,23,19,12,4,23,48,34,13,7,14
240,50.0,272,2016-12-20,19,18,9,6,24,53,24,17,5,18
241,79.0,273,2016-12-21,25,24,14,5,25,53,39,10,0,9
242,130.0,278,2016-12-21,21,19,13,10,18,45,36,22,13,19
243,130.0,279,2016-12-21,17,14,10,4,20,42,23,24,4,12
244,150.0,280,2016-12-21,19,19,9,11,19,45,27,28,11,18
245,150.0,281,2016-12-21,11,14,6,6,16,35,23,26,11,8
246,150.0,282,2016-12-21,20,22,13,8,16,51,27,11,6,15
247,150.0,283,2016-12-22,12,3,9,10,13,24,22,31,14,10
248,133.0,284,2016-12-23,22,20,13,6,22,49,39,32,6,24
249,130.0,285,2016-12-23,14,17,10,9,18,41,33,30,10,13
250,133.0,286,2016-12-24,22,19,8,9,16,35,20,30,11,20
251,151.0,287,2016-12-24,18,21,10,5,17,33,27,17,8,13
252,50.0,288,2016-12-24,13,14,8,6,14,31,17,30,12,14
253,151.0,289,2016-12-24,20,16,11,10,15,38,33,26,9,16
254,79.0,290,2016-12-26,21,24,9,9,20,44,18,14,9,4
255,79.0,291,2016-12-26,22,22,13,3,19,49,41,16,4,11
256,130.0,294,2016-12-27,18,18,8,13,12,30,21,31,11,26
257,133.0,295,2016-12-27,16,17,14,11,20,42,23,21,7,22
258,79.0,296,2016-12-28,23,24,10,7,25,47,35,12,4,5
259,79.0,297,2016-12-28,20,15,8,8,13,46,28,24,8,8
260,79.0,298,2016-12-28,16,11,10,8,23,43,22,12,8,10
261,133.0,293,2016-12-28,18,19,10,12,23,38,22,18,8,18
262,150.0,299,2016-12-28,12,12,5,8,12,22,18,29,20,11
263,150.0,300,2016-12-28,18,16,8,9,13,36,26,17,10,28
264,150.0,301,2016-12-28,16,15,8,1,13,35,23,16,11,9
265,150.0,302,2016-12-28,17,18,13,7,20,42,32,9,10,22
266,150.0,303,2016-12-28,20,21,8,12,18,36,25,17,12,16
267,79.0,304,2016-12-28,16,11,9,8,14,41,23,27,10,17
268,130.0,305,2016-12-28,15,8,6,7,11,29,34,24,15,7
269,130.0,306,2016-12-29,21,17,13,9,26,48,27,13,7,16
270,0.0,307,2016-12-29,20,22,11,12,24,49,41,14,8,20
271,0.0,308,2016-12-29,16,17,9,7,19,39,27,23,11,15
272,0.0,309,2016-12-29,22,19,11,9,22,32,32,21,6,17
273,79.0,310,2016-12-30,19,16,10,8,18,40,27,14,7,14
274,151.0,312,2016-12-31,19,19,10,11,17,41,25,26,11,20
275,130.0,314,2017-01-02,16,8,9,4,12,41,38,22,14,9
276,150.0,316,2017-01-02,17,17,13,7,19,40,41,13,8,18
277,130.0,315,2017-01-02,15,15,9,9,16,38,21,25,16,14
278,133.0,313,2017-01-02,22,20,10,11,22,47,28,22,4,11
279,110.0,317,2017-01-02,20,22,11,12,24,49,41,14,8,20
280,150.0,319,2017-01-02,5,6,0,4,14,18,15,28,21,9
281,110.0,320,2017-01-02,17,19,13,7,16,41,9,19,3,10
282,110.0,318,2017-01-02,16,17,9,7,19,39,27,23,11,15
283,110.0,321,2017-01-02,22,19,11,9,22,32,32,21,6,17
284,110.0,322,2017-01-02,20,19,12,6,23,52,30,16,9,14
285,50.0,323,2017-01-03,24,19,10,7,29,56,25,8,4,6
286,133.0,324,2017-01-03,21,17,10,11,19,43,13,11,7,10
287,151.0,325,2017-01-03,18,17,6,9,14,41,28,22,11,12
288,130.0,326,2017-01-03,17,21,11,8,16,37,33,27,12,13
289,133.0,328,2017-01-04,19,10,10,5,21,41,30,15,20,5
290,150.0,329,2017-01-04,16,12,5,7,16,33,26,22,10,16
291,150.0,330,2017-01-04,20,23,13,7,19,43,17,20,10,28
292,150.0,331,2017-01-04,20,19,9,7,18,41,29,15,5,10
293,125.0,332,2017-01-04,16,12,13,10,17,37,25,26,9,16
294,150.0,333,2017-01-05,9,11,8,6,10,24,13,23,11,17
295,133.0,327,2017-01-05,15,17,10,8,20,40,32,27,11,17
296,130.0,334,2017-01-05,25,27,13,14,30,59,36,24,0,6
297,79.0,335,2017-01-05,16,17,8,7,11,37,36,16,6,4
298,87.0,336,2017-01-06,22,18,12,8,23,44,39,11,3,15
299,79.0,337,2017-01-06,11,16,10,10,20,40,22,30,12,24
300,130.0,338,2017-01-07,13,18,11,7,25,45,21,32,16,12
301,130.0,343,2017-01-09,16,14,9,7,14,35,24,25,12,14
302,79.0,341,2017-01-09,9,12,10,11,20,43,27,25,12,13
303,79.0,342,2017-01-09,17,18,12,7,20,39,36,13,8,11
304,150.0,344,2017-01-10,9,10,6,10,15,26,18,32,19,11
305,130.0,345,2017-01-10,6,16,5,7,12,41,29,36,6,28
306,122.0,346,2017-01-11,20,21,9,4,19,45,32,20,6,10
307,150.0,347,2017-01-12,22,18,14,6,22,47,36,15,3,13
308,87.0,350,2017-01-13,20,21,10,7,17,56,35,10,0,17
309,133.0,351,2017-01-14,27,27,15,7,26,64,41,12,0,21
310,150.0,355,2017-01-16,12,13,7,7,13,27,25,28,13,16
311,0.0,352,2017-01-16,19,19,11,6,20,48,18,16,11,13
312,87.0,354,2017-01-16,22,23,11,9,23,46,29,16,1,7
313,0.0,353,2017-01-16,19,18,12,6,19,41,30,15,3,17
314,87.0,356,2017-01-16,22,23,11,9,23,46,29,16,1,7
315,79.0,357,2017-01-17,24,23,12,11,24,50,38,11,4,12
316,150.0,359,2017-01-18,16,16,9,9,15,37,20,21,10,12
317,150.0,360,2017-01-18,12,11,8,6,17,41,14,29,14,20
318,133.0,361,2017-01-19,22,21,10,9,10,29,23,24,14,21
319,133.0,361,2017-01-19,22,21,10,9,10,29,23,24,14,21
320,133.0,361,2017-01-19,22,21,10,9,10,29,23,24,14,21
321,133.0,361,2017-01-19,22,21,10,9,10,29,23,24,14,21
322,133.0,361,2017-01-19,22,21,10,9,10,29,23,24,14,21
323,133.0,361,2017-01-19,22,21,10,9,10,29,23,24,14,21
324,133.0,361,2017-01-19,22,21,10,9,10,29,23,24,14,21
325,133.0,361,2017-01-19,22,21,10,9,10,29,23,24,14,21
326,133.0,361,2017-01-19,22,21,10,9,10,29,23,24,14,21
327,130.0,362,2017-01-19,18,15,7,9,15,34,22,29,11,8
328,50.0,363,2017-01-20,20,19,10,7,22,44,38,18,7,6
329,79.0,364,2017-01-20,20,22,13,4,23,42,32,23,9,13
330,87.0,366,2017-01-20,19,14,7,12,22,41,25,26,12,18
331,122.0,367,2017-01-20,24,23,12,2,18,41,42,12,4,11
332,79.0,368,2017-01-23,19,15,6,5,18,40,30,16,12,20
333,124.0,311,2017-01-24,16,15,11,8,16,38,23,19,10,16
334,133.0,369,2017-01-24,19,21,14,5,20,44,24,26,12,17
335,133.0,370,2017-01-25,16,12,8,1,13,34,38,24,17,13
336,87.0,371,2017-01-25,13,17,10,9,18,38,19,32,11,16
337,133.0,358,2017-01-25,17,19,10,12,21,46,33,24,9,19
338,130.0,372,2017-01-25,24,27,15,2,26,64,42,7,0,5
339,150.0,375,2017-01-26,15,11,8,9,16,49,22,29,10,14
340,133.0,374,2017-01-26,22,26,15,2,8,58,36,9,0,8
341,133.0,373,2017-01-26,8,13,12,5,22,39,21,36,10,19
342,87.0,376,2017-01-30,16,12,8,7,18,40,39,24,15,11
343,87.0,377,2017-01-30,19,15,8,7,17,39,21,18,11,8
344,79.0,380,2017-01-31,16,19,10,14,23,38,34,13,21,16
345,150.0,382,2017-02-02,19,19,13,3,21,48,22,24,8,10
346,130.0,383,2017-02-03,18,18,10,10,19,40,25,11,10,19
347,79.0,385,2017-02-06,25,22,14,9,22,53,31,25,0,8
348,79.0,386,2017-02-06,26,24,14,4,25,55,39,9,2,6
349,150.0,387,2017-02-06,10,13,12,12,14,40,32,28,16,24
350,79.0,389,2017-02-07,21,24,10,7,16,42,26,23,5,13
351,79.0,393,2017-02-09,23,25,14,11,24,49,38,8,0,2
352,133.0,391,2017-02-09,14,12,12,13,20,41,38,30,12,21
353,133.0,392,2017-02-09,22,19,10,5,20,38,24,29,14,19
354,133.0,390,2017-02-09,21,20,15,9,19,52,38,19,5,13
355,79.0,395,2017-02-10,18,21,0,0,18,43,40,17,6,18
356,122.0,396,2017-02-11,18,17,6,4,15,34,20,24,11,18
357,122.0,397,2017-02-11,19,17,9,5,17,31,28,24,8,8
358,150.0,398,2017-02-13,20,14,9,5,13,34,26,18,7,12
359,150.0,399,2017-02-13,24,25,12,3,24,48,13,9,5,13
360,87.0,400,2017-02-13,16,13,10,6,16,38,24,12,10,14
361,133.0,401,2017-02-14,16,14,10,7,20,39,33,13,9,16
362,150.0,402,2017-02-14,24,24,14,6,21,58,38,7,1,16
363,150.0,403,2017-02-16,14,12,5,7,11,34,25,19,11,12
364,130.0,404,2017-02-16,24,21,13,7,16,38,32,10,5,14
365,87.0,406,2017-02-17,20,17,9,9,18,45,37,17,11,23
366,79.0,407,2017-02-17,23,25,7,13,25,47,37,18,8,6
367,130.0,408,2017-02-17,21,15,15,2,16,41,28,19,6,6
368,79.0,409,2017-02-17,23,20,10,9,20,44,18,22,12,0
369,0.0,410,2017-02-17,25,23,15,7,30,60,41,7,3,5
370,0.0,411,2017-02-17,15,18,10,14,17,26,14,25,9,10
371,0.0,412,2017-02-17,25,23,11,2,20,44,29,15,6,14
372,0.0,413,2017-02-17,23,21,11,8,17,38,30,20,6,12
373,0.0,414,2017-02-18,22,24,12,10,25,54,29,17,7,11
374,0.0,415,2017-02-18,25,18,12,10,24,58,37,16,10,16
375,0.0,416,2017-02-18,14,10,5,2,8,20,24,20,17,11
376,80.0,417,2017-02-18,22,25,11,14,24,48,31,27,8,22
377,162.0,419,2017-02-21,25,22,12,7,24,53,35,12,7,12
378,133.0,418,2017-02-21,22,19,7,6,18,33,37,8,6,13
379,80.0,421,2017-02-22,16,14,9,7,14,35,19,23,9,14
380,79.0,422,2017-02-22,20,23,9,8,23,54,25,16,3,9
381,79.0,423,2017-02-22,14,17,5,6,18,34,22,24,8,8
382,87.0,424,2017-02-22,23,22,12,10,27,57,39,15,8,13
383,87.0,425,2017-02-22,15,17,7,6,16,36,24,23,10,12
384,87.0,426,2017-02-22,20,22,11,10,22,52,25,23,6,11
385,133.0,420,2017-02-23,20,18,10,3,19,42,28,19,8,15
386,130.0,427,2017-02-23,22,27,15,12,24,47,40,7,0,13
387,130.0,428,2017-02-23,18,17,8,6,20,41,36,23,9,15
388,149.0,429,2017-02-24,20,19,10,12,19,44,38,18,6,19
389,162.0,431,2017-02-24,24,20,8,5,13,44,25,15,9,15
390,133.0,432,2017-02-24,16,20,10,7,17,42,27,25,8,22
391,162.0,433,2017-02-24,11,9,10,5,15,27,10,34,23,9
392,162.0,430,2017-02-24,21,16,11,8,19,45,27,14,9,17
393,79.0,434,2017-02-24,15,18,12,3,15,42,32,13,6,9
394,79.0,435,2017-02-24,22,21,13,4,22,52,30,12,6,15
395,150.0,209,2017-02-26,19,19,7,9,17,40,28,20,8,14
396,150.0,209,2017-02-26,23,19,13,12,19,50,18,13,4,11
397,150.0,437,2017-02-26,16,16,8,7,17,39,25,24,11,15
398,150.0,438,2017-02-26,16,13,9,6,17,38,31,23,8,19
399,150.0,439,2017-02-27,17,15,8,7,11,29,25,16,7,15
400,150.0,440,2017-02-27,23,23,14,6,21,42,40,14,7,13
401,162.0,443,2017-02-27,24,23,14,3,25,51,37,13,6,10
402,162.0,444,2017-02-27,17,21,12,11,21,43,33,25,6,18
403,162.0,445,2017-02-27,15,17,7,7,18,42,29,27,11,15
404,80.0,446,2017-02-28,23,24,14,3,23,51,32,8,1,12
405,130.0,447,2017-02-28,23,23,14,6,26,56,22,7,3,11
406,133.0,448,2017-02-28,24,25,12,11,26,62,42,12,1,19
407,133.0,449,2017-02-28,16,20,9,4,18,45,25,27,17,14
408,79.0,450,2017-02-28,23,26,14,14,26,60,26,8,2,10
409,79.0,451,2017-03-02,19,16,6,7,15,36,24,18,9,8
410,79.0,452,2017-03-02,24,22,12,8,29,59,32,18,3,11
411,133.0,453,2017-03-03,14,20,10,9,20,46,30,15,4,18
412,162.0,455,2017-03-06,23,19,14,2,24,45,42,17,6,9
413,162.0,457,2017-03-06,21,20,12,4,23,46,26,11,10,10
414,150.0,458,2017-03-06,18,22,11,7,19,42,36,24,10,17
415,149.0,459,2017-03-06,20,14,11,13,22,48,33,25,14,8
416,133.0,456,2017-03-06,22,19,11,6,25,45,28,10,5,7
417,80.0,461,2017-03-07,22,21,7,5,17,39,29,13,4,12
418,79.0,462,2017-03-07,20,24,10,7,22,42,30,16,9,13
419,79.0,463,2017-03-08,13,14,9,8,17,39,24,23,16,18
420,130.0,464,2017-03-08,12,12,4,2,9,27,30,14,13,7
421,130.0,465,2017-03-08,18,15,11,6,19,44,36,26,13,15
422,79.0,466,2017-03-10,16,12,9,6,16,36,37,26,11,11
423,130.0,467,2017-03-10,18,20,13,9,22,45,23,22,9,15
424,133.0,468,2017-03-10,25,23,11,15,21,31,22,22,16,23
425,150.0,469,2017-03-13,19,21,10,5,17,42,24,19,11,20
426,150.0,470,2017-03-13,21,23,14,8,28,55,31,10,4,10
427,170.0,471,2017-03-13,14,22,12,10,21,49,30,33,4,22
428,170.0,472,2017-03-13,21,24,10,6,24,59,26,33,10,14
429,79.0,473,2017-03-14,9,16,6,11,12,43,9,35,16,14
430,122.0,474,2017-03-14,19,16,6,8,16,39,22,29,12,17
431,122.0,475,2017-03-14,19,16,6,8,16,39,22,29,12,17
432,169.0,476,2017-03-17,18,20,10,6,19,36,23,20,10,22
433,170.0,477,2017-03-17,20,23,14,9,23,51,29,12,1,9
434,150.0,478,2017-03-17,20,23,14,9,23,51,29,12,1,9
435,170.0,480,2017-03-18,18,18,9,6,16,39,40,26,9,8
436,162.0,481,2017-03-18,24,21,14,8,26,47,40,23,3,14
437,169.0,483,2017-03-20,22,16,9,5,17,37,25,21,10,16
438,169.0,484,2017-03-20,20,20,9,12,19,50,21,14,6,7
439,169.0,485,2017-03-20,19,18,9,13,27,53,27,32,13,25
440,169.0,486,2017-03-20,17,13,7,12,17,36,28,22,14,26
441,169.0,487,2017-03-20,13,20,8,13,13,37,5,19,8,17
442,79.0,488,2017-03-21,26,24,15,3,28,62,42,8,0,3
443,133.0,482,2017-03-21,19,19,11,4,19,43,8,21,9,14
444,169.0,490,2017-03-21,24,23,11,0,24,57,34,8,3,1
445,125.0,489,2017-03-21,21,19,8,10,15,42,41,14,9,14
446,169.0,491,2017-03-22,14,12,8,5,18,36,26,30,15,16
447,169.0,492,2017-03-22,20,21,10,4,19,44,31,12,9,8
448,162.0,493,2017-03-23,25,24,11,5,21,39,27,18,6,7
449,170.0,494,2017-03-23,14,14,7,12,17,32,32,41,17,18
450,169.0,496,2017-03-24,11,14,7,8,18,35,20,27,13,13
451,162.0,497,2017-03-25,21,20,12,7,21,47,30,19,9,14
452,130.0,498,2017-03-27,18,17,9,12,17,39,22,24,8,19
453,130.0,499,2017-03-27,16,17,7,12,14,38,33,27,6,15
454,133.0,500,2017-03-27,25,25,13,6,28,59,29,9,5,23
455,169.0,501,2017-03-27,19,16,13,5,21,42,33,18,9,6
456,169.0,502,2017-03-27,13,16,8,8,17,34,24,24,14,18
457,150.0,503,2017-03-28,13,13,7,4,12,33,30,31,16,9
458,150.0,504,2017-03-28,14,13,9,7,16,32,30,27,11,13
459,130.0,505,2017-03-29,4,8,3,6,10,24,4,40,22,9
460,151.0,506,2017-03-30,14,15,7,11,23,47,26,29,12,22
461,151.0,507,2017-03-30,25,21,10,10,22,50,23,10,4,7
462,0.0,508,2017-03-31,18,12,10,4,19,41,30,12,8,18
463,0.0,509,2017-03-31,21,18,10,4,18,39,26,18,8,9
464,133.0,510,2017-04-01,26,26,14,3,28,58,41,10,1,21
465,151.0,511,2017-04-01,20,19,10,3,17,43,33,10,3,8
466,151.0,512,2017-04-03,16,13,7,2,15,31,14,15,5,11
467,151.0,513,2017-04-03,18,20,12,7,22,37,28,23,8,17
468,151.0,514,2017-04-03,19,21,8,11,18,40,20,16,11,16
469,151.0,516,2017-04-03,23,21,12,8,20,47,19,20,4,17
470,151.0,517,2017-04-03,22,19,10,6,22,50,40,18,9,15
471,151.0,515,2017-04-03,12,13,6,8,11,28,12,22,13,8
472,151.0,519,2017-04-03,18,16,10,5,19,41,28,19,9,18
473,151.0,520,2017-04-03,19,23,12,9,14,41,15,16,7,12
474,151.0,521,2017-04-03,21,20,11,9,16,35,29,18,6,16
475,151.0,518,2017-04-03,23,23,10,7,19,42,36,17,6,17
476,151.0,522,2017-04-03,22,19,10,8,19,42,22,8,9,13
477,151.0,523,2017-04-03,15,20,8,7,20,44,38,17,8,11
478,151.0,524,2017-04-03,15,13,5,14,14,44,20,32,17,21
479,151.0,525,2017-04-03,21,20,10,10,21,45,29,12,7,10
480,151.0,526,2017-04-03,14,15,7,14,21,37,32,23,14,20
481,151.0,527,2017-04-03,21,18,10,1,18,46,38,14,6,13
482,133.0,528,2017-04-05,16,18,7,11,14,36,19,30,11,17
483,152.0,531,2017-04-10,23,23,14,7,20,44,36,18,6,19
484,133.0,529,2017-04-10,19,18,6,11,16,42,18,8,10,11
485,152.0,532,2017-04-11,19,21,9,3,19,38,32,24,10,13
486,151.0,533,2017-04-11,25,25,15,10,28,59,18,12,2,1
487,169.0,534,2017-04-11,12,9,11,7,12,25,28,34,16,9
488,0.0,535,2017-04-11,22,21,14,12,18,47,22,25,12,13
489,0.0,536,2017-04-11,23,18,10,5,27,52,31,9,8,12
490,151.0,540,2017-04-13,13,16,11,8,17,42,39,28,13,17
491,151.0,541,2017-04-13,12,8,8,5,13,31,15,29,19,12
492,151.0,542,2017-04-13,9,12,6,9,7,29,22,41,21,23
493,151.0,543,2017-04-13,25,26,14,3,29,59,38,8,3,18
494,151.0,544,2017-04-13,25,27,15,3,29,45,21,6,3,15
495,150.0,545,2017-04-13,20,14,6,5,14,36,13,8,3,16
496,78.0,546,2017-04-13,16,16,13,6,17,49,29,27,1,16
497,151.0,547,2017-04-14,17,12,7,6,15,35,22,19,14,7
498,151.0,550,2017-04-14,15,17,13,2,19,43,20,31,11,13
499,151.0,549,2017-04-14,24,24,8,13,24,58,35,19,7,18
500,151.0,551,2017-04-14,5,10,10,7,15,32,21,35,15,4
501,151.0,553,2017-04-14,17,18,10,2,19,40,32,21,11,17
502,151.0,554,2017-04-14,13,15,7,9,16,39,33,27,13,18
503,151.0,552,2017-04-14,18,17,9,0,19,44,26,25,12,7
504,151.0,555,2017-04-14,17,17,8,8,20,35,26,27,11,10
505,151.0,556,2017-04-14,17,16,11,6,16,37,27,13,14,12
506,151.0,557,2017-04-14,14,18,7,7,17,42,32,22,15,8
507,151.0,558,2017-04-14,18,16,10,2,16,31,18,24,10,14
508,151.0,559,2017-04-14,20,15,7,8,21,48,39,14,17,15
509,169.0,560,2017-04-17,16,22,11,10,20,40,27,20,10,10
510,169.0,561,2017-04-17,15,14,8,8,15,33,20,28,12,23
511,169.0,562,2017-04-17,19,25,7,12,22,53,34,20,6,12
512,169.0,563,2017-04-17,13,13,6,6,14,33,24,25,9,15
513,169.0,564,2017-04-17,23,23,15,1,29,60,35,9,0,9
514,169.0,565,2017-04-17,19,18,5,5,14,44,34,19,14,17
515,169.0,566,2017-04-17,15,17,10,5,15,32,32,15,11,1
516,176.0,567,2017-04-17,20,14,11,7,17,40,34,16,12,14
517,151.0,568,2017-04-17,24,22,9,2,21,53,23,17,10,0
518,0.0,569,2017-04-17,23,19,13,7,19,46,33,25,6,11
519,170.0,570,2017-04-17,22,20,11,4,24,52,30,8,11,6
520,170.0,571,2017-04-17,25,22,12,0,25,57,34,10,4,0
521,170.0,572,2017-04-17,23,18,14,9,21,51,35,23,8,9
522,169.0,573,2017-04-18,23,15,10,7,18,40,33,18,7,15
523,151.0,574,2017-04-18,23,19,13,7,19,46,33,25,6,11
524,151.0,575,2017-04-18,20,24,12,6,19,39,25,15,2,18
525,151.0,576,2017-04-18,25,27,14,6,30,58,34,9,5,8
526,151.0,577,2017-04-18,10,7,8,15,24,44,6,40,21,21
527,151.0,578,2017-04-18,19,19,9,11,19,43,26,20,7,18
528,151.0,579,2017-04-18,19,17,9,11,23,44,32,29,17,22
529,151.0,580,2017-04-18,24,26,13,9,28,57,18,15,4,14
530,151.0,581,2017-04-18,12,14,9,9,17,30,19,22,12,8
531,151.0,582,2017-04-18,26,22,12,7,24,50,29,9,3,12
532,151.0,583,2017-04-18,26,26,14,14,29,62,42,10,3,17
533,151.0,584,2017-04-18,8,11,10,0,13,35,8,7,8,5
534,170.0,585,2017-04-18,12,12,8,11,15,36,13,24,18,21
535,169.0,586,2017-04-18,23,22,11,9,25,49,37,13,5,25
536,169.0,587,2017-04-19,24,23,10,12,23,55,38,14,4,15
537,169.0,589,2017-04-19,17,22,8,9,18,42,29,26,6,5
538,169.0,590,2017-04-19,18,21,6,12,18,42,24,17,9,7
539,169.0,591,2017-04-19,19,15,9,3,20,46,33,22,8,19
540,169.0,592,2017-04-19,22,22,10,6,17,44,41,15,7,14
541,169.0,593,2017-04-19,22,22,11,2,24,49,34,16,3,4
542,151.0,594,2017-04-19,16,17,10,9,17,35,20,23,8,21
543,169.0,595,2017-04-20,16,16,12,4,26,44,28,24,8,26
544,169.0,596,2017-04-20,11,7,6,1,11,17,18,26,17,8
545,151.0,598,2017-04-20,18,15,10,10,18,34,21,21,12,12
546,151.0,599,2017-04-20,24,22,7,1,19,29,30,14,5,10
547,151.0,600,2017-04-20,15,17,11,3,14,39,28,23,12,14
548,151.0,601,2017-04-20,8,7,4,9,21,21,7,43,16,11
549,151.0,602,2017-04-20,18,14,9,5,15,34,27,22,11,12
550,151.0,603,2017-04-20,17,18,10,9,18,38,20,25,11,19
551,151.0,604,2017-04-20,18,18,9,10,18,37,22,18,9,19
552,170.0,605,2017-04-20,23,19,10,7,24,51,32,12,12,8
553,151.0,606,2017-04-20,18,17,9,9,19,40,27,20,9,19
554,151.0,607,2017-04-20,18,17,9,6,22,45,26,21,13,14
555,151.0,608,2017-04-20,19,16,9,6,19,37,22,17,9,15
556,151.0,608,2017-04-20,19,16,9,6,19,37,22,17,9,15
557,151.0,609,2017-04-20,18,16,9,6,17,36,23,20,10,15
558,151.0,610,2017-04-20,18,16,10,5,15,36,30,21,16,12
559,151.0,611,2017-04-20,13,14,7,8,16,37,25,23,13,23
560,151.0,612,2017-04-20,23,18,8,8,17,47,35,14,11,17
561,151.0,613,2017-04-20,12,13,7,11,9,29,16,24,15,13
562,151.0,614,2017-04-20,19,16,9,13,16,36,23,19,11,13
563,151.0,615,2017-04-20,14,20,13,11,20,43,24,37,8,27
564,151.0,616,2017-04-20,19,17,8,2,13,33,34,17,12,3
565,175.0,617,2017-04-20,20,17,10,8,20,42,31,23,6,5
566,169.0,618,2017-04-21,19,17,9,7,20,44,39,14,7,15
567,169.0,619,2017-04-21,19,18,11,8,22,55,27,16,7,13
568,169.0,620,2017-04-21,9,13,5,10,14,38,20,33,12,23
569,169.0,621,2017-04-21,13,15,9,6,15,39,27,27,11,12
570,169.0,622,2017-04-21,15,18,9,7,16,39,35,24,7,9
571,169.0,623,2017-04-21,16,15,7,3,10,34,29,14,12,20
572,170.0,624,2017-04-21,18,20,11,8,20,36,30,10,6,14
573,151.0,625,2017-04-21,19,17,11,4,18,30,19,29,8,33
574,151.0,626,2017-04-21,12,9,8,4,17,33,17,21,15,9
575,175.0,627,2017-04-21,9,14,6,14,9,15,8,31,13,13
576,175.0,628,2017-04-21,24,18,9,11,18,43,36,8,5,8
577,175.0,629,2017-04-21,11,12,7,9,11,22,11,21,10,1
578,175.0,630,2017-04-21,16,14,9,10,15,27,29,21,11,11
579,175.0,631,2017-04-21,11,13,6,7,15,32,31,26,13,23
580,175.0,632,2017-04-21,13,14,6,8,14,35,24,28,11,16
581,175.0,633,2017-04-21,12,15,5,9,13,33,24,22,11,18
582,175.0,634,2017-04-21,14,11,6,8,15,35,20,20,14,14
583,175.0,635,2017-04-21,2,4,4,9,7,20,9,41,17,22
584,175.0,636,2017-04-21,6,9,3,0,10,20,27,22,18,3
585,175.0,637,2017-04-21,19,13,7,8,12,35,39,25,16,12
586,175.0,638,2017-04-21,15,15,9,9,18,34,18,31,3,16
587,170.0,639,2017-04-24,26,19,15,2,24,60,42,8,1,2
588,151.0,640,2017-04-24,14,15,6,9,17,37,32,26,11,16
589,151.0,641,2017-04-24,12,13,6,7,12,27,21,22,14,18
590,170.0,642,2017-04-24,17,18,9,12,23,50,23,29,1,13
591,170.0,643,2017-04-24,21,19,11,8,21,53,35,18,4,13
592,170.0,597,2017-04-24,23,20,12,4,22,43,25,13,3,13
593,169.0,644,2017-04-25,23,19,12,11,21,51,37,14,5,15
594,169.0,645,2017-04-25,23,23,12,10,22,48,25,21,2,20
595,169.0,646,2017-04-25,15,17,7,8,15,43,30,23,6,16
596,169.0,647,2017-04-25,15,12,6,8,12,26,26,21,11,14
597,169.0,648,2017-04-25,23,23,4,11,16,53,34,9,0,5
598,169.0,649,2017-04-25,21,22,12,7,21,48,36,13,1,13
599,151.0,650,2017-04-25,5,10,10,6,11,21,24,22,21,14
600,151.0,650,2017-04-25,5,10,10,6,11,21,24,22,21,14
601,170.0,651,2017-04-25,14,16,11,8,21,37,25,34,12,3
602,169.0,652,2017-04-25,17,18,11,7,17,34,27,22,8,15
603,176.0,653,2017-04-28,19,19,10,10,16,21,17,21,0,16
604,176.0,654,2017-04-28,23,22,13,14,26,59,42,21,2,22
605,176.0,655,2017-04-28,17,11,4,12,18,33,23,29,16,16
606,176.0,657,2017-04-29,24,23,11,10,22,52,40,9,5,9
607,176.0,658,2017-04-29,25,26,12,1,27,56,36,9,0,7
608,170.0,659,2017-04-29,17,16,9,12,18,41,21,9,8,16
609,170.0,660,2017-04-29,16,19,14,10,20,52,19,26,3,9
610,170.0,661,2017-04-29,19,20,9,6,18,46,28,18,4,13
611,170.0,662,2017-04-29,19,22,12,0,17,38,40,32,5,10
612,170.0,663,2017-04-29,19,16,10,11,17,38,28,22,8,14
613,170.0,664,2017-04-29,17,19,6,9,14,38,28,12,11,14
614,170.0,665,2017-04-30,1,0,0,9,7,4,36,30,20,26
615,176.0,666,2017-05-01,25,26,15,8,29,53,38,15,7,9
616,176.0,667,2017-05-01,24,20,11,9,24,48,33,8,4,15
617,177.0,668,2017-05-02,20,21,13,12,15,42,22,20,6,7
618,177.0,669,2017-05-02,14,12,8,6,16,36,26,24,15,14
619,177.0,670,2017-05-02,19,18,9,12,19,37,32,28,9,17
620,79.0,671,2017-05-02,25,22,10,10,20,54,39,19,3,9
621,79.0,672,2017-05-02,24,21,11,5,22,50,25,13,3,20
622,170.0,674,2017-05-04,16,21,10,8,16,31,34,27,4,14
623,169.0,675,2017-05-04,19,14,11,9,16,42,26,29,14,11
624,169.0,676,2017-05-04,16,15,7,10,22,53,27,24,13,6
625,151.0,677,2017-05-04,16,18,10,9,18,36,26,23,9,17
626,151.0,678,2017-05-04,21,20,7,11,19,41,26,21,8,16
627,151.0,679,2017-05-04,18,14,8,6,16,36,19,25,12,6
628,151.0,680,2017-05-04,14,16,10,9,20,37,22,35,15,20
629,151.0,681,2017-05-04,16,13,9,4,15,33,24,32,12,17
630,151.0,682,2017-05-04,22,16,14,1,23,45,33,13,11,0
631,151.0,683,2017-05-04,14,7,7,9,8,25,25,15,12,11
632,151.0,684,2017-05-04,13,11,11,11,20,33,37,29,13,15
633,151.0,685,2017-05-04,19,17,12,3,17,40,29,22,9,4
634,151.0,686,2017-05-04,16,16,10,5,16,37,30,29,12,12
635,151.0,687,2017-05-04,16,15,10,8,18,40,28,23,12,10
636,176.0,689,2017-05-06,17,12,11,0,7,44,32,15,10,7
637,176.0,690,2017-05-06,27,24,15,11,29,61,36,6,0,20
638,176.0,691,2017-05-06,19,17,9,11,18,45,27,18,8,15
639,79.0,692,2017-05-06,17,21,8,10,17,38,26,13,3,17
640,79.0,693,2017-05-06,15,12,2,6,14,33,35,18,8,14
641,176.0,694,2017-05-06,20,17,14,4,25,51,37,13,4,11
642,150.0,695,2017-05-06,11,4,6,4,11,34,25,34,21,7
643,170.0,696,2017-05-08,26,25,11,7,24,61,39,6,2,6
644,175.0,697,2017-05-08,21,24,10,9,17,38,27,23,7,17
645,152.0,698,2017-05-09,16,18,12,8,17,42,14,31,12,17
646,152.0,699,2017-05-09,19,17,6,8,10,33,20,19,9,10
647,152.0,700,2017-05-09,19,17,12,8,19,45,26,21,9,17
648,152.0,701,2017-05-09,15,11,5,4,12,30,17,22,15,8
649,152.0,701,2017-05-09,15,17,7,6,15,35,29,23,8,11
650,152.0,702,2017-05-09,15,17,7,6,15,35,29,23,8,11
651,152.0,704,2017-05-09,20,25,13,11,20,44,30,13,1,15
652,152.0,705,2017-05-09,14,12,7,7,15,30,26,20,16,11
653,152.0,706,2017-05-09,16,18,10,6,14,40,32,26,7,20
654,152.0,707,2017-05-09,17,19,13,14,22,42,25,24,7,21
655,176.0,708,2017-05-09,16,18,10,3,19,48,26,21,9,14
656,151.0,709,2017-05-10,16,17,9,10,13,38,29,22,13,6
657,151.0,710,2017-05-10,25,21,9,8,20,41,28,19,6,16
658,151.0,711,2017-05-10,18,15,10,0,22,47,23,28,6,20
659,151.0,712,2017-05-10,11,20,9,7,17,43,35,19,18,4
660,151.0,713,2017-05-10,11,12,5,6,13,31,22,28,15,17
661,151.0,714,2017-05-10,17,17,8,7,15,40,33,17,7,14
662,151.0,715,2017-05-11,11,13,10,8,20,38,22,28,14,24
663,151.0,716,2017-05-11,10,16,10,10,20,40,22,29,12,24
664,151.0,717,2017-05-11,24,19,11,10,20,50,42,15,3,19
665,151.0,718,2017-05-11,19,19,13,5,18,48,41,13,10,14
666,151.0,724,2017-05-12,14,16,10,3,15,42,13,22,13,12
667,151.0,725,2017-05-12,21,22,5,6,19,48,27,22,15,14
668,151.0,726,2017-05-12,17,13,9,11,14,38,32,30,12,19
669,151.0,727,2017-05-12,17,19,4,6,16,39,29,17,5,15
670,151.0,728,2017-05-12,14,11,9,3,10,28,34,24,17,3
671,151.0,729,2017-05-12,23,19,8,7,22,50,37,21,7,8
672,176.0,730,2017-05-12,9,16,10,6,15,27,24,23,7,13
673,175.0,731,2017-05-13,16,14,10,8,18,36,25,24,9,3
674,151.0,732,2017-05-13,21,15,3,0,9,30,39,11,12,12
675,151.0,733,2017-05-13,15,13,9,8,17,37,25,24,12,15
676,151.0,734,2017-05-13,15,13,7,9,16,38,25,29,14,18
677,78.0,735,2017-05-13,15,18,9,7,26,46,25,19,11,3
678,151.0,736,2017-05-13,21,13,10,10,20,50,25,26,19,17
679,170.0,737,2017-05-14,19,20,6,11,18,39,29,19,4,8
680,169.0,738,2017-05-15,17,15,11,8,14,34,18,17,12,11
681,169.0,739,2017-05-15,23,20,11,6,19,52,27,22,8,13
682,169.0,740,2017-05-15,24,21,14,0,22,63,40,13,4,6
683,169.0,741,2017-05-15,17,22,10,13,21,50,37,20,9,17
684,151.0,742,2017-05-15,17,14,11,5,15,34,30,20,13,19
685,169.0,743,2017-05-15,21,20,9,6,20,51,34,16,7,15
686,151.0,744,2017-05-15,27,27,15,3,30,63,42,12,3,12
687,151.0,745,2017-05-16,21,21,7,8,17,39,18,19,10,4
688,151.0,747,2017-05-16,19,18,7,2,18,38,29,21,7,5
689,151.0,748,2017-05-16,14,18,9,9,21,50,32,12,4,8
690,151.0,749,2017-05-16,13,13,7,11,14,40,26,26,11,21
691,151.0,750,2017-05-16,24,20,11,0,13,28,25,13,4,3
692,79.0,746,2017-05-16,21,21,10,12,28,42,26,30,19,23
693,151.0,751,2017-05-16,23,24,11,13,28,59,34,11,4,5
694,151.0,752,2017-05-16,16,17,7,8,16,38,21,22,14,14
695,151.0,753,2017-05-16,20,22,11,12,27,54,28,12,3,11
696,151.0,754,2017-05-16,24,27,15,13,27,60,16,8,0,18
697,151.0,755,2017-05-16,18,21,11,10,20,47,25,26,2,16
698,151.0,757,2017-05-16,20,18,12,4,18,33,25,13,11,14
699,130.0,758,2017-05-16,16,16,7,7,16,37,29,33,13,19
700,151.0,759,2017-05-16,17,9,4,9,13,38,31,28,19,11
701,0.0,760,2017-05-17,22,21,11,6,22,48,38,12,5,15
702,0.0,761,2017-05-17,21,21,10,12,28,42,26,30,19,23
703,79.0,762,2017-05-17,22,21,11,6,22,48,38,12,5,15
704,151.0,764,2017-05-17,22,13,7,5,13,37,27,22,15,12
705,151.0,763,2017-05-17,10,16,5,5,16,51,24,22,11,18
706,151.0,765,2017-05-17,16,16,10,9,14,29,26,29,8,11
707,79.0,767,2017-05-17,26,27,9,7,28,61,38,6,0,4
708,151.0,768,2017-05-17,18,14,11,3,25,57,41,13,2,4
709,151.0,769,2017-05-17,21,21,11,8,21,49,19,13,4,13
710,151.0,766,2017-05-17,13,12,6,6,13,35,23,24,17,13
711,151.0,770,2017-05-17,17,15,8,6,12,32,25,20,10,13
712,151.0,771,2017-05-17,18,14,10,7,14,40,34,26,12,11
713,151.0,772,2017-05-17,26,21,15,7,29,54,42,9,3,0
714,151.0,773,2017-05-17,15,19,9,8,17,49,26,24,2,15
715,151.0,774,2017-05-17,19,20,6,7,21,40,31,22,8,13
716,79.0,775,2017-05-17,17,16,6,8,15,36,18,30,13,16
717,0.0,776,2017-05-18,18,16,6,7,16,37,26,24,11,10
718,0.0,777,2017-05-18,22,16,7,4,15,35,30,15,11,11
719,151.0,778,2017-05-18,19,23,12,5,25,58,40,34,8,5
720,0.0,779,2017-05-18,15,14,9,8,19,37,21,25,5,15
721,151.0,780,2017-05-18,15,15,6,13,16,42,41,16,9,8
722,151.0,781,2017-05-18,11,16,5,7,13,30,23,24,10,13
723,151.0,782,2017-05-18,20,20,15,10,18,44,28,22,3,11
724,151.0,783,2017-05-18,19,16,12,7,17,38,21,24,14,7
725,151.0,784,2017-05-18,15,15,8,9,21,42,32,27,12,14
726,151.0,785,2017-05-18,9,11,8,7,12,30,13,17,11,8
727,151.0,786,2017-05-18,21,17,8,1,14,36,27,13,7,10
728,151.0,788,2017-05-18,15,17,5,3,13,33,21,22,3,6
729,170.0,787,2017-05-18,15,14,5,9,18,49,26,19,14,22
730,151.0,789,2017-05-18,14,19,8,10,20,45,30,35,16,13
731,151.0,791,2017-05-18,26,21,11,3,20,45,27,11,6,12
732,0.0,790,2017-05-18,19,21,10,7,19,38,25,16,4,10
733,151.0,792,2017-05-18,24,21,11,9,21,40,30,12,7,14
734,151.0,793,2017-05-18,19,16,11,5,19,45,33,15,12,6
735,151.0,794,2017-05-18,18,20,9,7,16,41,23,15,6,15
736,151.0,795,2017-05-18,14,15,7,9,15,40,26,25,12,15
737,151.0,796,2017-05-18,21,23,8,10,19,42,39,13,3,16
738,79.0,797,2017-05-18,20,25,12,6,24,51,29,10,6,19
739,79.0,798,2017-05-18,18,19,11,4,19,41,14,14,6,8
740,151.0,800,2017-05-19,26,24,5,11,19,53,42,22,2,10
741,151.0,801,2017-05-19,22,20,14,11,26,49,25,17,3,1
742,151.0,804,2017-05-19,24,23,7,6,20,43,33,11,3,10
743,151.0,805,2017-05-19,13,4,6,4,3,16,11,22,8,13
744,133.0,802,2017-05-19,16,16,6,7,14,29,24,23,11,11
745,151.0,806,2017-05-19,20,18,6,9,12,41,26,21,9,15
746,151.0,807,2017-05-19,21,24,11,13,29,54,37,16,0,10
747,151.0,808,2017-05-19,18,18,9,8,19,41,27,24,13,15
748,151.0,809,2017-05-19,24,27,15,7,24,57,32,25,3,14
749,151.0,810,2017-05-19,24,27,15,7,24,57,35,25,3,14
750,133.0,811,2017-05-20,22,23,14,14,3,29,41,30,14,13
751,79.0,812,2017-05-22,24,17,11,7,16,42,30,9,4,10
752,170.0,813,2017-05-22,16,16,9,8,20,37,28,28,10,15
753,79.0,814,2017-05-22,19,23,13,12,21,46,35,18,1,18
754,79.0,815,2017-05-22,26,23,14,8,27,59,34,11,3,9
755,151.0,816,2017-05-23,18,14,9,7,20,39,26,20,10,14
756,151.0,817,2017-05-23,16,16,7,6,20,40,26,22,11,15
757,151.0,818,2017-05-23,16,16,6,5,14,40,24,18,11,15
758,151.0,819,2017-05-23,13,13,6,9,14,32,9,40,10,17
759,151.0,820,2017-05-23,16,16,10,9,14,29,25,29,8,11
760,151.0,821,2017-05-23,14,11,2,0,12,29,24,14,16,0
761,151.0,822,2017-05-23,16,15,9,7,18,38,26,25,10,14
762,151.0,823,2017-05-23,16,13,8,4,19,44,19,27,14,17
763,151.0,824,2017-05-23,11,16,10,6,17,35,24,21,9,13
764,151.0,825,2017-05-23,20,19,10,7,25,42,28,21,0,15
765,177.0,756,2017-05-23,14,12,9,8,17,34,25,26,10,18
766,151.0,826,2017-05-23,14,13,5,8,16,32,21,23,16,21
767,151.0,827,2017-05-23,16,12,5,1,12,30,20,19,9,14
768,151.0,828,2017-05-23,20,19,10,9,15,35,30,20,13,20
769,151.0,829,2017-05-23,20,24,11,7,18,46,29,23,2,10
770,151.0,831,2017-05-23,15,13,6,14,15,34,31,35,15,20
771,151.0,832,2017-05-23,19,24,9,7,18,54,40,8,6,6
772,151.0,833,2017-05-23,12,23,11,10,22,39,22,35,7,17
773,79.0,835,2017-05-24,21,20,9,8,16,40,23,19,7,15
774,79.0,836,2017-05-24,18,25,12,10,24,56,36,15,1,18
775,79.0,837,2017-05-24,11,14,6,10,12,32,24,29,16,20
776,133.0,834,2017-05-24,16,17,9,3,20,46,32,16,5,16
777,181.0,838,2017-05-24,15,17,8,8,15,32,20,13,10,18
778,0.0,839,2017-05-24,21,18,10,8,23,49,29,16,7,7
779,79.0,840,2017-05-25,23,22,11,7,25,56,32,8,5,2
780,151.0,841,2017-05-25,15,18,15,8,19,41,26,16,7,12
781,151.0,842,2017-05-25,14,14,8,11,20,42,22,28,15,15
782,151.0,843,2017-05-25,14,14,8,11,20,42,22,28,15,15
783,151.0,844,2017-05-25,13,15,12,6,12,37,24,21,13,15
784,151.0,845,2017-05-25,14,18,5,6,15,33,22,29,10,14
785,151.0,846,2017-05-25,18,18,6,5,13,30,22,19,12,13
786,151.0,847,2017-05-25,21,16,9,8,15,46,26,15,5,7
787,151.0,848,2017-05-25,15,14,5,9,16,35,25,22,12,13
788,151.0,849,2017-05-25,11,17,4,2,11,31,8,25,13,17
789,151.0,850,2017-05-25,25,23,9,10,22,50,37,14,2,12
790,151.0,851,2017-05-25,18,14,5,8,12,36,23,25,15,18
791,151.0,852,2017-05-25,11,11,10,10,20,40,22,21,12,12
792,151.0,853,2017-05-25,20,18,10,4,21,44,31,16,6,3
793,151.0,854,2017-05-25,19,24,10,6,19,42,30,11,5,6
794,151.0,855,2017-05-25,14,13,8,7,10,31,26,22,11,14
795,151.0,856,2017-05-25,14,13,8,7,10,31,26,22,11,14
796,175.0,857,2017-05-25,26,26,14,11,26,60,39,9,2,15
797,151.0,861,2017-05-26,14,19,7,5,22,49,31,25,6,15
798,151.0,862,2017-05-26,17,17,7,7,16,40,25,11,11,12
799,79.0,863,2017-05-27,21,24,12,10,24,46,24,13,4,13
800,0.0,864,2017-05-27,25,23,13,9,28,62,37,10,1,20
801,0.0,865,2017-05-27,26,25,15,6,25,58,33,7,2,10
802,79.0,866,2017-05-27,25,23,13,9,28,62,37,10,1,20
803,79.0,867,2017-05-27,26,25,15,6,25,58,33,7,2,10
804,79.0,868,2017-05-27,21,18,10,8,23,49,29,16,7,7
805,79.0,869,2017-05-27,21,24,12,10,24,46,24,13,4,13
806,79.0,870,2017-05-27,19,15,10,9,17,37,33,19,12,19
807,169.0,873,2017-05-29,19,16,8,6,16,40,21,17,11,18
808,184.0,874,2017-05-29,14,16,4,4,20,46,27,24,12,16
809,184.0,875,2017-05-29,12,11,9,3,12,29,22,24,15,16
810,130.0,876,2017-05-30,15,20,13,3,18,40,35,18,7,20
811,151.0,877,2017-05-30,14,12,8,6,14,33,27,25,16,14
812,171.0,878,2017-05-30,18,20,10,6,19,35,29,23,8,13
813,181.0,879,2017-05-31,27,27,12,15,30,65,36,7,0,1
814,151.0,880,2017-05-31,15,17,5,5,16,37,24,28,11,16
815,170.0,881,2017-05-31,19,18,11,6,21,42,29,23,8,12
816,170.0,882,2017-05-31,18,17,10,7,16,43,40,20,9,14
817,170.0,883,2017-05-31,17,14,9,5,10,31,25,24,11,12
818,170.0,884,2017-05-31,24,18,15,0,18,34,33,9,2,6
819,130.0,885,2017-06-01,19,14,10,10,15,38,25,23,14,18
820,151.0,886,2017-06-01,18,18,9,3,19,45,37,12,9,9
821,151.0,887,2017-06-01,20,14,10,11,18,36,15,27,15,9
822,185.0,888,2017-06-01,22,19,9,8,17,39,38,12,7,13
823,151.0,889,2017-06-01,17,15,8,9,17,35,27,17,11,19
824,151.0,890,2017-06-01,19,18,9,4,19,46,29,12,6,14
825,151.0,891,2017-06-01,20,14,10,11,18,36,15,27,15,9
826,181.0,892,2017-06-01,12,4,11,8,19,37,34,42,24,7
827,150.0,893,2017-06-01,25,21,15,11,25,55,30,9,0,17
828,130.0,894,2017-06-01,12,16,9,5,17,32,23,22,9,9
829,150.0,895,2017-06-01,17,15,10,6,18,36,28,18,7,17
830,150.0,896,2017-06-01,19,14,6,1,15,36,33,17,11,10
831,151.0,897,2017-06-02,21,23,8,7,18,49,35,21,5,9
832,150.0,899,2017-06-03,0,27,0,15,0,33,0,45,0,36
833,162.0,457,2017-06-03,22,19,12,3,22,47,30,14,7,11
834,184.0,900,2017-06-03,15,16,8,7,13,37,20,21,9,17
835,176.0,898,2017-06-03,23,24,12,4,23,52,38,11,4,7
836,175.0,901,2017-06-04,21,23,14,5,23,54,36,13,5,13
837,181.0,902,2017-06-05,24,22,12,9,21,45,34,12,7,15
838,185.0,903,2017-06-05,19,26,13,10,23,52,25,8,0,9
839,185.0,905,2017-06-05,11,10,6,7,16,30,25,30,13,15
840,185.0,906,2017-06-05,10,12,6,9,11,27,16,26,16,19
841,151.0,907,2017-06-06,7,7,4,4,6,20,24,21,12,3
842,151.0,908,2017-06-06,16,14,6,8,16,39,24,26,12,17
843,151.0,909,2017-06-06,23,18,7,2,17,36,28,14,13,12
844,181.0,910,2017-06-06,20,19,11,12,23,50,35,19,5,22
845,130.0,911,2017-06-07,18,18,11,7,18,45,23,25,5,14
846,151.0,912,2017-06-07,17,20,10,6,22,50,37,20,9,12
847,150.0,913,2017-06-07,16,14,7,10,20,41,24,20,13,15
848,130.0,914,2017-06-07,16,16,7,11,15,32,19,31,17,19
849,181.0,915,2017-06-07,17,10,6,0,2,12,23,22,10,2
850,185.0,916,2017-06-08,25,25,11,5,23,47,41,12,5,2
851,185.0,917,2017-06-08,19,15,2,8,15,37,23,22,11,9
852,169.0,918,2017-06-11,25,23,10,10,27,51,39,13,5,17
853,169.0,919,2017-06-11,12,14,0,7,0,11,12,20,15,12
854,169.0,920,2017-06-11,14,13,6,6,11,30,21,26,13,15
855,169.0,921,2017-06-11,24,21,7,11,13,45,28,14,5,12
856,169.0,922,2017-06-12,10,11,5,9,14,33,23,29,15,20
857,79.0,923,2017-06-12,18,24,12,10,25,51,22,19,1,16
858,176.0,925,2017-06-12,21,19,8,11,22,48,42,10,6,17
859,80.0,924,2017-06-12,15,18,11,7,16,46,22,22,13,26
860,156.0,926,2017-06-13,17,12,7,5,13,31,25,20,11,13
861,125.0,927,2017-06-14,20,18,10,7,17,38,25,19,14,15
862,171.0,928,2017-06-14,10,14,8,15,22,37,25,32,12,19
863,130.0,929,2017-06-16,10,10,14,0,9,29,38,18,17,4
864,130.0,930,2017-06-16,20,20,8,8,19,43,27,18,6,13
865,170.0,931,2017-06-17,21,23,9,7,24,39,29,22,6,8
866,183.0,936,2017-06-19,18,17,11,5,16,36,28,20,10,16
867,125.0,932,2017-06-19,24,18,10,6,19,40,28,21,8,7
868,183.0,799,2017-06-20,15,10,10,7,16,30,24,29,17,18
869,191.0,937,2017-06-21,13,11,5,10,13,35,20,16,14,12
870,185.0,938,2017-06-21,15,12,6,5,11,31,34,23,14,7
871,130.0,939,2017-06-22,16,18,9,6,20,40,25,20,8,9
872,183.0,941,2017-06-23,23,25,15,11,27,61,29,10,0,10
873,183.0,942,2017-06-23,22,20,15,6,19,40,38,25,14,9
874,183.0,943,2017-06-23,22,20,11,5,22,51,42,9,4,6
875,170.0,944,2017-06-24,25,25,10,2,21,48,41,8,3,8
876,0.0,945,2017-06-24,23,21,15,9,22,54,36,14,2,11
877,171.0,946,2017-06-25,22,22,14,6,20,45,26,10,0,14
878,79.0,947,2017-06-26,22,21,13,3,19,43,17,12,5,12
879,133.0,948,2017-06-26,19,21,11,10,23,42,37,21,7,14
880,122.0,949,2017-06-26,18,19,11,8,18,40,28,20,6,12
881,130.0,950,2017-06-26,20,17,14,7,19,45,27,13,11,12
882,130.0,951,2017-06-26,20,19,13,7,18,50,28,29,4,8
883,78.0,952,2017-06-26,22,19,8,8,20,42,31,22,7,17
884,78.0,953,2017-06-28,17,13,11,11,14,40,39,27,10,9
885,130.0,956,2017-06-29,19,18,10,8,25,45,26,15,4,12
886,183.0,960,2017-06-29,23,21,15,9,22,54,36,14,2,11
887,162.0,961,2017-06-30,24,19,13,5,20,39,35,19,4,7
888,168.0,962,2017-07-01,19,21,9,6,19,47,40,17,7,14
889,184.0,963,2017-07-03,20,19,10,4,18,42,37,12,10,6
890,171.0,964,2017-07-04,24,20,11,15,29,57,38,32,9,18
891,175.0,965,2017-07-05,13,13,7,8,21,39,35,33,13,14
892,150.0,966,2017-07-06,19,9,10,9,22,42,29,8,13,0
893,150.0,967,2017-07-06,22,20,9,6,22,50,33,12,9,11
894,185.0,968,2017-07-06,18,12,13,8,20,44,34,27,8,1
895,185.0,969,2017-07-06,11,4,7,9,17,39,38,38,13,20
896,130.0,977,2017-07-07,11,10,9,7,13,31,24,31,14,14
897,78.0,978,2017-07-08,15,13,9,7,18,37,22,33,14,16
898,78.0,979,2017-07-08,14,15,9,8,18,39,41,21,10,18
899,175.0,980,2017-07-08,17,20,11,9,16,40,42,27,6,10
900,176.0,981,2017-07-10,18,15,5,9,19,40,29,32,11,15
901,183.0,959,2017-07-10,21,20,6,11,15,38,31,24,7,14
902,130.0,983,2017-07-11,18,18,10,8,21,52,38,19,11,9
903,185.0,984,2017-07-12,19,14,6,8,18,42,32,25,14,20
904,185.0,985,2017-07-12,16,19,9,7,18,44,28,19,7,13
905,183.0,982,2017-07-12,15,17,9,3,18,46,30,18,7,14
906,185.0,987,2017-07-13,15,10,10,2,16,32,36,20,17,14
907,79.0,990,2017-07-14,26,24,15,11,27,56,22,10,1,20
908,79.0,989,2017-07-14,21,17,10,13,17,41,18,20,9,17
909,79.0,988,2017-07-14,24,27,15,2,29,60,30,29,6,12
910,79.0,991,2017-07-14,16,14,11,5,17,36,16,11,11,16
911,184.0,992,2017-07-14,21,18,12,6,16,39,41,22,8,6
912,184.0,993,2017-07-14,15,14,9,7,16,38,29,19,11,11
913,79.0,986,2017-07-14,23,25,12,8,21,52,34,11,3,13
914,168.0,994,2017-07-14,15,16,10,6,25,45,35,31,12,7
915,175.0,996,2017-07-15,13,11,9,14,16,43,29,31,20,18
916,168.0,997,2017-07-15,20,23,15,11,25,60,26,18,4,16
917,162.0,999,2017-07-15,17,15,8,5,17,41,21,23,13,13
918,175.0,1000,2017-07-17,23,15,14,14,25,43,40,26,16,18
919,175.0,1001,2017-07-17,13,13,7,11,13,33,22,26,17,12
920,175.0,1003,2017-07-17,16,15,9,11,20,34,17,23,11,6
921,175.0,1002,2017-07-17,14,12,11,6,15,37,32,22,16,17
922,130.0,1004,2017-07-17,14,13,7,7,14,34,29,18,12,12
923,130.0,1005,2017-07-17,22,18,11,8,19,49,27,24,7,10
924,168.0,1006,2017-07-17,18,17,10,8,21,44,24,21,11,17
925,16.0,1007,2017-07-17,13,6,1,4,13,20,11,41,12,12
926,79.0,1008,2017-07-17,24,26,12,8,25,55,37,17,2,16
927,175.0,1009,2017-07-17,13,12,8,7,15,36,23,28,12,15
928,78.0,1010,2017-07-18,16,18,11,7,18,37,34,27,9,15
929,78.0,1011,2017-07-18,25,21,13,6,25,52,39,15,8,11
930,78.0,1012,2017-07-18,25,22,13,6,20,48,36,12,3,13
931,170.0,1013,2017-07-18,15,17,12,8,13,36,40,25,9,13
932,130.0,1014,2017-07-18,15,17,7,11,19,42,16,28,10,16
933,79.0,1015,2017-07-18,23,23,9,3,17,49,39,18,4,12
934,175.0,1016,2017-07-19,14,13,4,11,14,29,23,33,19,16
935,78.0,1017,2017-07-19,16,17,8,12,16,39,28,17,12,15
936,170.0,1018,2017-07-20,19,16,11,3,23,47,42,20,4,6
937,176.0,1019,2017-07-20,26,23,15,6,28,57,40,11,2,7
938,168.0,1023,2017-07-20,17,16,11,7,19,46,35,20,10,19
939,162.0,1022,2017-07-20,20,16,10,10,14,40,31,28,11,16
940,79.0,1021,2017-07-20,15,13,7,7,13,29,17,19,11,20
941,175.0,1024,2017-07-20,26,26,15,9,26,62,38,6,0,10
942,79.0,1020,2017-07-21,25,23,11,11,27,47,37,25,2,14
943,79.0,1025,2017-07-21,16,14,9,9,18,37,29,22,11,15
944,175.0,1026,2017-07-21,19,17,7,5,20,38,39,18,12,8
945,79.0,364,2017-07-21,23,23,7,6,27,39,27,9,6,13
946,79.0,1027,2017-07-21,27,27,14,5,30,63,42,7,0,5
947,175.0,1030,2017-07-22,5,5,4,14,9,26,24,23,7,11
948,175.0,1031,2017-07-22,12,13,6,7,12,26,23,15,8,5
949,162.0,1028,2017-07-24,19,16,11,3,23,39,18,10,4,15
950,162.0,1029,2017-07-24,18,16,9,8,15,36,21,26,12,18
951,175.0,1032,2017-07-24,11,8,3,2,11,27,15,29,13,9
952,79.0,1033,2017-07-24,15,15,9,10,18,40,20,28,12,5
953,175.0,1034,2017-07-24,15,10,6,15,12,38,23,30,20,11
954,130.0,1035,2017-07-24,17,17,8,8,15,32,29,24,12,16
955,79.0,1036,2017-07-25,14,17,6,8,18,35,18,20,14,13
956,207.0,1037,2017-07-25,18,17,8,10,20,43,28,28,5,13
957,79.0,1038,2017-07-25,22,23,14,8,19,49,38,12,5,12
958,184.0,1040,2017-07-26,25,20,14,7,21,54,33,10,2,12
959,175.0,1041,2017-07-26,23,11,12,13,23,55,39,13,11,0
960,79.0,1042,2017-07-26,22,21,12,10,22,48,28,26,9,9
961,162.0,1043,2017-07-26,19,23,15,10,29,57,34,21,10,18
962,170.0,1045,2017-07-27,18,16,5,5,11,31,13,20,6,6
963,171.0,1046,2017-07-27,22,17,14,14,20,55,27,19,4,12
964,168.0,1047,2017-07-28,21,19,11,2,24,42,39,15,7,12
965,175.0,1048,2017-07-28,18,18,10,7,20,43,30,20,9,24
966,175.0,1049,2017-07-31,19,16,9,5,19,41,32,20,5,20
967,130.0,1050,2017-07-31,21,22,13,9,24,54,28,9,1,15
968,175.0,1051,2017-07-31,19,12,9,10,21,46,28,20,13,11
969,79.0,1052,2017-08-02,21,27,12,9,18,46,28,22,5,15
970,198.0,1054,2017-08-03,18,20,15,3,20,43,22,19,4,1
971,175.0,1056,2017-08-03,23,23,13,7,19,40,25,27,6,10
972,79.0,1057,2017-08-03,8,6,8,8,12,14,18,27,15,16
973,198.0,1058,2017-08-04,15,19,5,5,23,44,32,16,9,13
974,198.0,1059,2017-08-04,11,13,5,4,13,27,15,27,10,12
975,198.0,1060,2017-08-04,16,15,4,5,15,35,25,16,8,11
976,198.0,1062,2017-08-04,17,16,11,4,15,37,29,24,12,13
977,198.0,1063,2017-08-04,15,12,6,9,17,40,36,28,9,13
978,198.0,1064,2017-08-04,20,14,9,2,11,36,10,18,11,11
979,198.0,1065,2017-08-04,17,14,9,3,22,40,28,19,8,14
980,175.0,1066,2017-08-04,13,11,4,7,15,34,27,31,12,16
981,162.0,1067,2017-08-05,23,24,15,8,28,59,40,10,5,6
982,122.0,1068,2017-08-07,15,11,0,3,11,31,11,13,10,4
983,79.0,1069,2017-08-07,21,18,11,9,17,39,29,12,8,11
984,130.0,1070,2017-08-07,15,11,7,7,20,39,35,24,16,11
985,171.0,1071,2017-08-08,23,20,9,6,15,38,26,12,7,12
986,130.0,1072,2017-08-08,13,17,7,9,13,36,25,22,7,16
987,175.0,1073,2017-08-10,20,21,10,2,23,54,38,23,2,3
988,150.0,1074,2017-08-12,14,14,9,5,17,37,25,21,10,15
989,79.0,1075,2017-08-12,23,18,12,11,20,45,22,23,10,14
990,175.0,1078,2017-08-18,20,18,11,3,20,41,29,25,13,12
991,175.0,1080,2017-08-19,18,16,9,7,17,38,33,26,10,13
992,130.0,1081,2017-08-21,26,27,14,9,26,56,42,9,6,17
993,79.0,1084,2017-08-22,15,15,10,8,16,35,26,25,8,16
994,175.0,1085,2017-08-23,17,20,10,5,15,41,21,17,9,5
995,130.0,1086,2017-08-24,20,24,6,10,17,43,6,18,7,6
996,175.0,1087,2017-08-24,17,18,10,5,15,35,28,24,10,16
997,175.0,1088,2017-08-25,14,8,8,8,18,33,18,30,18,12
998,79.0,1089,2017-08-26,16,17,10,11,16,41,25,23,9,18
999,185.0,1090,2017-08-26,17,18,10,14,17,40,25,28,11,21
1000,122.0,1091,2017-08-28,16,15,10,5,21,39,27,16,9,11
1001,130.0,1092,2017-08-28,18,15,8,10,14,41,39,15,7,13
1002,168.0,1093,2017-08-28,21,25,12,5,24,50,41,14,8,10
1003,175.0,1094,2017-08-28,17,15,8,11,7,37,18,26,12,9
1004,175.0,1095,2017-08-29,16,15,10,9,19,39,18,13,10,18
1005,184.0,1096,2017-08-29,18,12,13,15,16,42,24,10,20,17
1006,175.0,1097,2017-08-29,16,9,3,3,7,27,23,17,18,6
1007,130.0,1098,2017-08-30,21,16,6,3,20,44,34,22,11,11
1008,175.0,1099,2017-08-30,17,12,7,6,13,34,22,18,12,14
1009,175.0,1100,2017-08-31,21,16,9,7,15,43,29,20,8,19
1010,170.0,1102,2017-09-01,25,26,15,9,27,60,41,8,3,11
1011,175.0,1103,2017-09-03,15,14,4,6,8,33,31,27,13,12
1012,185.0,1104,2017-09-03,26,21,11,6,22,53,32,12,4,13
1013,162.0,1101,2017-09-04,17,15,6,6,8,18,21,21,0,12
1014,168.0,448,2017-09-04,27,27,14,12,26,59,40,9,1,17
1015,122.0,1105,2017-09-04,23,27,15,8,23,50,23,8,4,13
1016,175.0,1106,2017-09-04,12,11,5,8,16,46,31,28,12,20
1017,184.0,1108,2017-09-05,22,20,10,9,19,37,25,7,3,9
1018,185.0,1109,2017-09-05,19,20,6,8,18,35,25,17,5,16
1019,207.0,1110,2017-09-05,14,13,8,8,13,30,24,20,6,14
1020,79.0,1111,2017-09-05,21,25,14,5,26,57,30,9,5,14
1021,208.0,1114,2017-09-07,20,15,8,8,16,36,30,28,13,14
1022,185.0,1115,2017-09-12,18,13,7,9,14,38,34,24,11,15
1023,78.0,1116,2017-09-14,12,11,5,9,12,33,18,31,13,22
1024,170.0,1117,2017-09-17,27,26,14,8,27,61,37,6,1,3
1025,170.0,1118,2017-09-17,17,14,9,7,16,39,35,25,10,17
1026,170.0,1119,2017-09-17,13,12,7,8,14,31,22,27,15,12
1027,78.0,1120,2017-09-17,17,15,9,7,18,34,31,24,6,17
1028,130.0,1121,2017-09-18,17,18,10,6,17,33,19,19,10,14
1029,79.0,1122,2017-09-19,20,19,11,11,22,48,16,21,12,17
1030,79.0,1123,2017-09-19,25,27,14,6,21,56,24,26,0,14
1031,130.0,1124,2017-09-19,22,20,10,8,19,47,26,22,8,10
1032,175.0,1125,2017-09-21,19,17,9,1,20,40,18,29,14,12
1033,175.0,1126,2017-09-25,17,20,11,2,23,39,29,13,8,11
1034,171.0,1127,2017-09-26,22,19,11,10,17,32,20,14,5,2
1035,79.0,1128,2017-09-27,22,23,10,5,22,43,33,13,3,13
1036,79.0,1129,2017-09-28,20,20,10,12,24,52,31,19,8,15
1037,130.0,1130,2017-10-06,21,13,4,5,18,44,29,28,14,15
1038,207.0,1133,2017-10-09,13,11,10,5,17,33,28,21,11,13
1039,181.0,1135,2017-10-09,26,24,12,5,22,37,32,13,5,4
1040,162.0,1137,2017-10-10,14,18,9,10,15,33,7,30,12,25
1041,175.0,1138,2017-10-10,18,23,15,6,19,56,31,11,3,25
1042,171.0,1139,2017-10-10,20,16,9,8,20,33,32,16,11,17
1043,175.0,1140,2017-10-10,10,8,3,1,5,18,26,11,11,10
1044,130.0,1142,2017-10-12,15,11,2,3,12,29,30,25,15,11
1045,79.0,1143,2017-10-12,16,16,9,1,18,40,26,24,11,12
1046,181.0,1144,2017-10-13,16,18,9,8,17,40,28,21,15,19
1047,0.0,1146,2017-10-14,16,15,8,4,22,47,31,25,13,9
1048,175.0,1147,2017-10-14,19,17,10,7,22,54,39,20,6,12
1049,80.0,1148,2017-10-16,21,18,12,14,24,56,28,32,12,14
1050,122.0,1149,2017-10-16,14,15,10,5,14,33,11,37,18,4
1051,79.0,1150,2017-10-17,14,2,1,12,9,24,15,13,19,15
1052,130.0,1151,2017-10-17,22,22,12,9,22,43,35,20,6,9
1053,175.0,1154,2017-10-18,16,13,7,7,17,37,40,25,13,13
1054,175.0,1155,2017-10-22,17,10,7,3,16,34,24,11,13,20
1055,79.0,1156,2017-10-24,25,23,10,2,18,49,24,10,3,8
1056,79.0,1157,2017-10-24,22,18,13,7,21,50,42,20,8,14
1057,79.0,1159,2017-10-24,16,12,9,10,17,38,18,28,11,7
1058,169.0,1161,2017-10-26,13,13,5,6,13,33,25,24,12,13
1059,168.0,1162,2017-10-29,16,19,13,4,19,41,30,20,8,12
1060,217.0,1163,2017-10-29,17,16,11,12,21,48,40,20,11,10
1061,79.0,1164,2017-10-30,22,14,10,3,20,49,35,11,8,11
1062,78.0,1165,2017-10-30,13,8,10,3,14,26,25,22,20,13
1063,170.0,1167,2017-11-01,17,15,8,9,18,40,18,26,10,10
1064,168.0,1168,2017-11-01,19,20,10,3,20,47,25,17,6,9
1065,171.0,1169,2017-11-01,15,11,9,2,15,40,38,15,9,8
1066,184.0,1184,2017-11-04,5,9,7,7,8,16,22,41,23,14
1067,80.0,1174,2017-11-04,26,26,11,9,26,64,41,9,1,13
1068,80.0,1173,2017-11-04,24,21,10,12,26,55,36,14,6,3
1069,80.0,1175,2017-11-04,21,21,13,8,21,51,39,13,6,7
1070,125.0,1182,2017-11-04,14,14,8,6,14,36,38,27,13,22
1071,125.0,1177,2017-11-04,20,19,10,4,17,42,32,14,6,6
1072,125.0,178,2017-11-04,15,16,5,7,13,25,32,25,10,11
1073,80.0,1181,2017-11-04,22,18,12,2,23,58,38,20,5,10
1074,181.0,1185,2017-11-06,25,26,15,11,27,64,30,13,0,21
1075,130.0,1186,2017-11-06,19,13,9,8,19,51,26,23,10,18
1076,130.0,1187,2017-11-06,24,21,13,8,19,48,24,14,4,13
1077,79.0,1188,2017-11-06,17,18,6,5,12,32,27,10,5,11
1078,79.0,1189,2017-11-07,22,24,10,7,25,50,38,14,4,10
1079,171.0,1190,2017-11-08,7,4,5,9,9,15,16,29,16,10
1080,78.0,1191,2017-11-08,22,22,10,1,24,57,39,21,10,8
1081,217.0,1192,2017-11-10,15,18,7,15,20,31,20,19,13,0
1082,207.0,1193,2017-11-13,10,11,6,11,14,35,30,24,10,18
1083,79.0,1194,2017-11-13,22,26,14,9,30,61,42,21,0,20
1084,79.0,1195,2017-11-13,25,25,15,2,19,49,35,13,0,3
1085,79.0,1196,2017-11-13,25,25,15,3,23,51,35,13,2,5
1086,80.0,1180,2017-11-13,26,25,12,2,22,57,38,10,2,15
1087,207.0,1199,2017-11-14,26,25,14,2,30,60,42,13,2,13
1088,207.0,1200,2017-11-14,20,17,10,6,20,47,29,11,8,15
1089,162.0,1201,2017-11-14,18,15,11,9,19,33,36,28,15,3
1090,79.0,1202,2017-11-14,22,24,12,10,25,50,35,18,3,22
1091,79.0,1204,2017-11-14,12,13,7,7,13,30,25,26,12,13
1092,79.0,1203,2017-11-14,21,15,9,5,16,37,37,28,21,10
1093,79.0,1205,2017-11-14,21,22,10,11,20,49,31,16,4,8
1094,168.0,1206,2017-11-14,16,14,10,9,21,44,15,33,16,16
1095,79.0,1209,2017-11-15,20,18,8,2,18,39,30,19,7,11
1096,79.0,1208,2017-11-15,27,26,14,8,28,60,41,11,0,13
1097,79.0,1210,2017-11-15,26,22,14,1,28,51,35,9,5,8
1098,79.0,1211,2017-11-15,21,24,10,9,20,44,27,19,8,13
1099,79.0,1212,2017-11-16,20,20,10,5,18,42,33,19,9,15
1100,162.0,1214,2017-11-17,24,24,13,0,23,52,34,14,5,5
1101,79.0,1215,2017-11-17,26,26,15,4,26,63,39,11,3,24
1102,79.0,1216,2017-11-17,17,23,13,8,19,50,37,21,8,20
1103,79.0,1219,2017-11-18,9,12,8,13,14,28,21,30,23,24
1104,79.0,1217,2017-11-18,19,20,10,11,19,39,20,22,7,15
1105,79.0,1221,2017-11-18,19,20,11,5,18,43,35,11,5,14
1106,79.0,1220,2017-11-18,21,20,10,9,19,35,23,13,8,17
1107,168.0,1223,2017-11-20,19,20,11,6,23,51,39,11,6,7
1108,151.0,1228,2017-11-21,23,18,10,12,20,43,37,16,6,23
1109,79.0,1225,2017-11-21,26,25,15,8,25,53,28,16,1,22
1110,79.0,1227,2017-11-21,20,23,11,12,26,49,31,13,10,7
1111,79.0,1229,2017-11-21,23,24,10,12,28,45,35,14,4,17
1112,169.0,1230,2017-11-24,8,18,8,12,10,30,27,31,15,17
1113,79.0,1233,2017-11-27,15,14,9,7,15,42,37,22,12,12
1114,130.0,1235,2017-11-29,25,23,12,9,23,50,38,15,1,7
1115,130.0,1236,2017-11-29,16,17,9,8,14,31,24,27,10,17
1116,168.0,1237,2017-11-29,23,19,10,1,21,40,18,16,7,13
1117,168.0,1238,2017-11-30,24,20,10,2,18,42,34,15,7,6
1118,130.0,1239,2017-11-30,14,21,12,9,17,33,18,22,5,16
1119,168.0,1240,2017-11-30,17,16,10,6,20,40,28,25,12,18
1120,170.0,1242,2017-12-03,19,18,9,8,19,41,31,15,10,13
1121,79.0,1244,2017-12-05,17,20,14,7,21,45,35,19,9,10
1122,78.0,1245,2017-12-06,21,15,7,7,21,51,27,12,8,11
1123,169.0,1246,2017-12-06,25,25,13,8,29,61,34,8,6,11
1124,169.0,1247,2017-12-06,16,17,8,10,16,31,26,28,11,19
1125,224.0,1243,2017-12-06,12,15,9,11,19,47,20,34,11,20
1126,168.0,1248,2017-12-06,22,17,11,6,17,44,26,30,15,25
1127,224.0,1249,2017-12-07,21,19,9,6,19,37,32,13,7,10
1128,79.0,1250,2017-12-07,21,20,13,4,21,40,28,13,2,19
1129,130.0,1253,2017-12-07,19,18,11,5,17,44,39,17,8,12
1130,217.0,1260,2017-12-08,21,17,8,4,18,36,28,16,9,13
1131,168.0,1261,2017-12-08,24,17,13,0,26,54,37,6,5,3
1132,130.0,1262,2017-12-08,13,14,9,9,13,29,27,28,13,17
1133,168.0,218,2017-12-11,15,17,10,9,16,38,36,18,12,16
1134,168.0,1268,2017-12-11,9,10,6,8,13,27,22,24,13,21
1135,79.0,1271,2017-12-11,19,19,11,11,19,44,26,20,10,18
1136,78.0,1272,2017-12-13,27,25,13,0,23,47,34,9,1,12
1137,78.0,1273,2017-12-13,11,11,9,9,15,31,19,31,18,12
1138,78.0,1274,2017-12-13,17,17,10,5,17,40,30,21,12,12
1139,184.0,1275,2017-12-14,14,18,10,3,14,34,25,21,12,15
1140,168.0,1283,2017-12-18,23,25,14,4,27,61,33,11,2,15
1141,168.0,1284,2017-12-18,11,16,7,3,14,33,30,17,3,17
1142,79.0,1286,2017-12-18,19,20,12,6,21,54,29,12,5,14
1143,181.0,1289,2017-12-19,18,16,8,12,13,34,19,25,13,9
1144,130.0,1287,2017-12-20,18,17,10,9,19,45,28,20,5,19
1145,224.0,1291,2017-12-20,15,10,5,7,13,31,17,15,16,6
1146,130.0,1293,2017-12-20,13,17,12,10,21,38,23,16,5,15
1147,168.0,1296,2017-12-21,16,15,9,9,14,28,9,30,16,13
1148,79.0,1297,2017-12-21,20,16,11,8,15,36,23,25,9,15
1149,79.0,1299,2017-12-21,25,22,13,8,26,53,42,17,3,11
1150,79.0,1298,2017-12-21,24,23,12,8,23,47,35,18,6,11
1151,0.0,1300,2017-12-21,15,16,8,5,17,41,35,23,10,16
1152,79.0,1301,2017-12-21,13,16,5,0,11,30,16,11,11,11
1153,162.0,1303,2017-12-22,14,15,10,5,20,39,24,18,12,5
1154,125.0,1305,2017-12-23,18,17,6,7,11,24,29,24,5,6
1155,168.0,1307,2017-12-23,17,22,10,3,20,52,3,31,2,11
1156,79.0,1308,2017-12-25,15,19,15,2,20,35,39,10,1,7
1157,170.0,1310,2017-12-26,21,6,0,6,0,21,19,24,10,4
1158,78.0,1311,2017-12-26,24,25,12,5,25,56,39,11,3,1
1159,79.0,1312,2017-12-26,26,26,14,3,25,57,41,7,0,3
1160,207.0,1314,2017-12-27,17,13,12,8,16,32,28,19,17,23
1161,171.0,1325,2017-12-28,22,19,13,7,20,47,33,14,7,7
1162,171.0,1326,2017-12-28,12,12,11,8,17,39,23,30,14,13
1163,207.0,1330,2017-12-29,16,20,5,12,22,30,21,27,17,22
1164,125.0,1328,2017-12-29,20,16,12,0,19,46,39,11,5,13
1165,78.0,1331,2017-12-29,11,11,5,8,13,28,20,23,10,9
1166,78.0,1332,2017-12-29,22,18,2,12,18,37,23,21,11,0
1167,130.0,1333,2017-12-30,14,12,10,3,15,34,18,32,11,8
1168,168.0,482,2018-01-03,23,18,12,4,21,42,21,18,9,10
1169,78.0,1341,2018-01-04,27,23,13,9,26,50,24,13,8,17
1170,125.0,1340,2018-01-04,12,11,11,9,9,48,28,38,20,5
1171,130.0,1344,2018-01-05,22,22,12,3,23,49,36,13,1,5
1172,224.0,1348,2018-01-08,16,14,6,6,15,28,29,20,14,11
1173,79.0,1349,2018-01-09,12,13,8,8,14,32,22,33,6,23
1174,130.0,1351,2018-01-09,15,14,5,7,16,40,37,28,11,24
1175,79.0,1352,2018-01-09,22,15,9,3,19,37,27,20,8,16
1176,130.0,1355,2018-01-11,13,15,11,6,14,37,32,19,12,17
1177,125.0,1353,2018-01-11,21,16,12,6,17,32,38,13,4,12
1178,78.0,1357,2018-01-11,14,14,7,6,12,38,25,28,15,14
1179,130.0,1358,2018-01-12,10,8,6,10,11,33,17,25,18,14
1180,130.0,1361,2018-01-16,12,15,15,8,12,32,39,32,23,10
1181,162.0,1363,2018-01-18,22,19,11,0,19,51,21,17,4,15
1182,79.0,1364,2018-01-23,14,15,7,6,17,29,23,26,11,12
1183,79.0,1365,2018-01-23,15,16,15,8,17,41,23,25,6,18
1184,78.0,1366,2018-01-25,16,17,8,10,17,38,26,27,12,20
1185,168.0,1367,2018-01-25,21,20,10,6,17,41,27,27,8,24
1186,134.0,1368,2018-01-25,20,15,8,5,18,40,33,21,11,10
1187,184.0,1369,2018-01-26,16,15,10,8,12,35,17,24,11,11
1188,130.0,1370,2018-01-26,18,22,10,4,19,41,26,13,3,10
1189,130.0,1371,2018-01-26,19,15,11,11,19,39,31,30,13,19
1190,78.0,1372,2018-01-30,23,22,14,11,23,58,41,26,8,17
1191,78.0,1373,2018-01-30,19,18,8,8,18,36,32,25,9,14
1192,130.0,1379,2018-02-01,21,17,9,5,15,38,25,24,11,15
1193,130.0,1381,2018-02-02,13,15,10,10,20,36,27,31,12,17
1194,78.0,1382,2018-02-04,14,13,9,6,18,39,25,20,10,16
1195,78.0,1382,2018-02-04,14,13,9,6,18,39,25,20,10,16
1196,78.0,1383,2018-02-05,16,14,9,8,19,42,28,26,19,13
1197,79.0,1384,2018-02-07,22,21,11,5,23,47,28,18,4,14
1198,130.0,1387,2018-02-07,12,12,6,7,15,33,26,29,12,18
1199,119.0,1389,2018-02-08,20,19,12,10,17,46,34,23,11,24
1200,168.0,1390,2018-02-08,17,17,9,9,17,41,35,25,9,22
1201,168.0,125,2018-02-09,24,25,15,2,25,56,42,8,1,15
1202,125.0,1391,2018-02-10,24,22,11,1,23,55,36,11,4,3
1203,80.0,1181,2018-02-10,22,18,10,2,23,56,42,16,8,9
1204,125.0,1392,2018-02-10,26,27,15,3,27,62,41,8,0,7
1205,168.0,1394,2018-02-12,15,9,2,5,7,20,20,21,13,9
1206,168.0,1395,2018-02-12,21,25,15,10,28,55,42,13,1,21
1207,168.0,1393,2018-02-12,22,19,11,12,26,59,36,7,5,4
1208,168.0,1396,2018-02-12,15,18,14,11,20,38,27,31,11,27
1209,168.0,1397,2018-02-12,21,18,9,10,20,45,23,21,10,19
1210,79.0,1398,2018-02-12,16,17,9,6,15,42,28,22,16,4
1211,79.0,1399,2018-02-12,23,19,12,3,18,41,30,10,10,2
1212,119.0,1400,2018-02-12,19,21,12,9,17,40,36,25,5,16
1213,168.0,1401,2018-02-13,14,16,13,8,16,36,26,23,10,13
1214,78.0,1402,2018-02-13,14,10,8,11,18,47,16,25,19,26
1215,79.0,1403,2018-02-13,18,18,10,6,15,45,35,18,8,16
1216,79.0,1404,2018-02-13,23,25,13,6,13,45,31,15,8,17
1217,79.0,1405,2018-02-13,23,24,13,6,23,53,36,12,3,12
1218,79.0,1406,2018-02-13,21,19,10,10,21,39,36,13,4,6
1219,79.0,1407,2018-02-14,17,16,10,7,18,37,19,24,10,14
1220,78.0,1408,2018-02-14,17,17,11,12,21,46,29,22,8,27
1221,168.0,1409,2018-02-19,21,20,9,4,18,37,33,17,7,10
1222,168.0,1410,2018-02-19,16,14,8,9,20,38,20,30,9,16
1223,79.0,1414,2018-02-20,18,22,12,10,15,37,32,26,12,18
1224,238.0,1416,2018-02-22,15,15,7,6,13,40,29,16,7,5
1225,119.0,1417,2018-02-22,21,22,8,9,19,43,35,14,4,16
1226,119.0,1418,2018-02-22,22,19,12,6,20,47,38,12,5,4
1227,119.0,1420,2018-02-22,20,16,15,3,19,59,14,18,17,11
1228,80.0,1419,2018-02-22,19,20,12,2,21,46,40,11,4,8
1229,79.0,1421,2018-02-22,15,15,10,1,10,35,28,17,16,12
1230,119.0,1422,2018-02-22,16,13,8,8,14,33,23,19,11,11
1231,78.0,1428,2018-02-22,13,15,14,9,21,41,32,14,2,3
1232,78.0,1429,2018-02-22,11,12,6,5,18,48,24,36,17,9
1233,80.0,1434,2018-02-24,18,18,9,7,22,43,35,17,9,16
1234,0.0,1430,2018-02-24,20,18,12,10,21,45,29,22,4,24
1235,80.0,1431,2018-02-24,23,24,14,9,24,56,22,11,6,19
1236,80.0,1435,2018-02-24,17,18,10,6,20,46,31,16,7,15
1237,168.0,1436,2018-02-24,16,14,8,3,17,31,28,19,17,12
1238,168.0,1437,2018-02-24,21,18,11,6,18,45,28,21,11,17
1239,130.0,1439,2018-02-26,17,18,9,7,20,45,28,27,8,8
1240,130.0,1440,2018-02-26,16,15,11,7,18,39,26,28,8,24
1241,238.0,1441,2018-02-26,19,13,9,1,17,44,17,27,8,17
1242,79.0,1443,2018-02-26,17,15,12,3,12,24,5,23,12,3
1243,79.0,1444,2018-02-26,21,20,11,5,20,39,23,19,9,16
1244,79.0,1442,2018-02-26,15,13,5,5,11,31,28,21,13,15
1245,130.0,1450,2018-02-27,22,19,10,8,22,41,12,23,8,8
1246,184.0,1451,2018-02-27,13,17,5,7,13,31,18,30,15,12
1247,79.0,1456,2018-02-27,25,27,14,14,29,64,36,11,0,27
1248,130.0,1457,2018-02-28,18,20,10,9,16,46,28,23,11,14
1249,130.0,1458,2018-02-28,10,14,8,5,16,29,27,25,12,13
1250,130.0,1459,2018-02-28,13,13,8,7,18,38,33,25,13,13
1251,119.0,1461,2018-03-02,22,19,9,7,29,58,39,9,5,17
1252,79.0,1469,2018-03-05,15,16,8,7,17,49,38,32,10,12
1253,130.0,1470,2018-03-06,16,15,9,8,18,41,26,28,9,16
1254,130.0,1471,2018-03-06,11,11,7,9,13,24,9,38,13,24
1255,79.0,1473,2018-03-06,17,14,9,3,13,42,21,19,9,13
1256,79.0,1474,2018-03-06,20,22,14,7,19,37,22,19,5,6
1257,80.0,1476,2018-03-07,22,19,13,4,15,41,30,15,7,7
1258,80.0,1477,2018-03-07,15,14,5,13,17,43,22,27,18,6
1259,80.0,1478,2018-03-07,19,12,6,7,17,36,20,24,17,2
1260,238.0,1480,2018-03-08,10,11,6,9,9,24,15,29,19,19
1261,168.0,1482,2018-03-08,18,19,11,2,16,34,30,15,4,21
1262,119.0,1483,2018-03-12,10,6,10,3,11,31,8,37,19,9
1263,119.0,1489,2018-03-13,18,16,9,2,20,47,22,7,9,11
1264,238.0,1490,2018-03-13,17,13,6,8,12,36,30,17,10,15
1265,79.0,1493,2018-03-13,23,22,13,10,21,53,26,13,4,16
1266,119.0,1495,2018-03-21,15,17,12,9,13,35,28,31,11,18
1267,184.0,1496,2018-03-22,20,19,5,8,21,45,25,20,6,22
1268,184.0,1496,2018-03-22,22,17,8,9,19,43,27,22,6,20
1269,184.0,1497,2018-03-22,20,18,10,6,16,40,29,17,7,13
1270,168.0,1498,2018-03-23,16,21,13,5,25,49,32,17,5,14
1271,79.0,1500,2018-03-26,19,17,6,1,16,44,37,12,11,15
1272,79.0,1499,2018-03-26,19,22,12,13,20,50,24,19,2,20
1273,238.0,1502,2018-03-27,22,22,13,7,21,44,40,13,7,1
1274,184.0,1501,2018-03-27,16,20,10,12,14,38,25,25,14,20
1275,238.0,1503,2018-03-27,18,14,7,6,20,34,35,42,11,3
1276,168.0,1504,2018-03-28,24,23,9,12,18,53,21,10,4,14
1277,79.0,1506,2018-03-28,23,24,15,15,30,47,35,10,7,19
1278,79.0,1507,2018-03-28,16,20,9,6,15,33,27,13,10,18
1279,79.0,1512,2018-03-29,24,18,13,9,27,48,36,6,3,0
1280,130.0,1513,2018-03-30,15,14,7,7,13,32,21,27,11,20
1281,168.0,1515,2018-03-31,12,15,6,6,13,29,22,28,14,13
1282,240.0,1514,2018-03-31,25,22,13,8,25,53,29,10,2,7
1283,168.0,1516,2018-03-31,22,20,15,4,28,54,40,16,7,11
1284,130.0,1519,2018-04-01,16,17,8,10,18,34,27,27,11,20
1285,119.0,1521,2018-04-02,18,18,10,9,20,42,30,18,8,15
1286,79.0,1520,2018-04-02,21,20,11,7,17,36,19,25,15,15
1287,79.0,1523,2018-04-02,27,22,11,7,22,55,35,16,4,17
1288,79.0,1524,2018-04-02,27,25,14,11,29,60,38,9,1,6
1289,79.0,1522,2018-04-02,19,19,12,10,24,54,37,18,10,10
1290,79.0,1525,2018-04-03,24,23,11,5,17,43,32,20,5,13
1291,168.0,1526,2018-04-03,22,21,7,0,16,44,31,12,8,1
1292,79.0,1527,2018-04-04,25,20,10,2,18,43,30,8,4,6
1293,79.0,1528,2018-04-04,18,21,14,10,25,39,27,25,7,21
1294,79.0,1532,2018-04-07,18,19,8,11,17,42,26,21,3,20
1295,79.0,1534,2018-04-10,16,12,11,14,20,37,13,18,18,22
1296,79.0,1535,2018-04-11,20,18,10,5,19,41,30,14,4,13
1297,119.0,1536,2018-04-11,22,24,13,5,18,40,29,18,4,12
1298,119.0,1537,2018-04-13,9,3,4,13,11,19,9,30,24,6
1299,79.0,1538,2018-04-16,20,25,15,7,24,48,34,9,0,9
1300,224.0,1541,2018-04-20,20,17,13,3,21,42,19,9,5,4
1301,125.0,1539,2018-04-20,20,17,8,5,15,40,39,10,10,13
1302,125.0,1540,2018-04-20,24,23,11,13,24,50,40,28,3,26
1303,224.0,1542,2018-04-23,23,23,11,10,25,48,28,15,4,20
1304,224.0,1545,2018-04-28,19,16,8,6,19,41,23,24,6,17
1305,224.0,1546,2018-04-28,15,17,10,5,17,40,26,25,10,14
1306,130.0,1550,2018-05-01,13,12,8,5,12,34,31,31,11,8
1307,79.0,1551,2018-05-01,19,15,11,4,14,43,25,43,17,22
1308,224.0,1552,2018-05-03,4,2,3,9,10,15,22,19,11,5
1309,79.0,1553,2018-05-07,15,15,10,6,19,47,33,16,9,7
1310,79.0,1555,2018-05-07,23,24,12,7,25,46,22,19,5,23
1311,224.0,1557,2018-05-08,7,10,9,5,14,27,24,32,22,17
1312,79.0,1556,2018-05-08,18,16,14,10,19,42,28,16,8,6
1313,79.0,1558,2018-05-08,26,24,14,6,28,56,40,12,0,6
1314,168.0,1559,2018-05-08,18,13,8,4,14,43,11,12,10,3
1315,224.0,1560,2018-05-09,17,13,5,5,14,31,29,15,16,12
1316,0.0,1561,2018-05-09,18,18,13,6,19,37,27,17,10,9
1317,130.0,1562,2018-05-10,17,15,7,8,18,41,29,20,11,14
1318,168.0,1567,2018-05-15,20,22,10,5,21,56,39,17,7,16
1319,168.0,1570,2018-05-19,21,18,10,8,20,45,27,20,9,15
1320,224.0,1571,2018-05-21,24,22,12,4,23,52,35,24,8,13
1321,79.0,1572,2018-05-22,9,6,5,5,8,33,31,34,18,20
1322,130.0,1573,2018-05-23,15,14,8,5,14,40,23,29,15,11
1323,130.0,1574,2018-05-26,18,17,10,3,19,42,37,12,8,6
1324,240.0,1171,2018-05-28,21,18,12,3,18,37,29,12,9,13
1325,80.0,1579,2018-05-30,22,16,9,7,20,41,35,14,8,12
1326,168.0,1582,2018-05-31,15,11,9,7,18,39,26,30,13,15
1327,80.0,1580,2018-05-31,16,14,10,9,19,41,31,27,13,19
1328,130.0,1585,2018-06-02,11,9,6,8,11,31,25,22,14,14
1329,130.0,1586,2018-06-02,23,18,12,7,17,48,36,13,0,17
1330,119.0,1588,2018-06-04,14,12,8,6,17,30,16,28,14,12
1331,240.0,1589,2018-06-04,27,26,14,7,27,65,42,7,1,3
1332,238.0,1590,2018-06-05,23,18,13,8,25,47,38,16,9,3
1333,238.0,1590,2018-06-05,9,6,9,5,17,26,38,24,22,17
1334,184.0,1590,2018-06-05,15,13,11,6,18,33,32,24,11,11
1335,130.0,1591,2018-06-05,17,13,9,7,17,37,20,25,12,19
1336,0.0,1581,2018-06-07,16,17,9,4,14,37,25,20,10,12
1337,240.0,1598,2018-06-12,22,15,11,5,16,39,39,27,13,15
1338,130.0,1599,2018-06-13,17,14,6,12,11,37,25,27,15,11
1339,119.0,1600,2018-06-14,19,22,15,5,21,48,30,9,3,17
1340,130.0,1602,2018-06-16,13,14,8,5,14,30,17,20,11,10
1341,80.0,1604,2018-06-20,22,17,13,2,18,30,14,18,4,0
1342,252.0,1612,2018-06-22,15,10,6,10,15,35,39,31,14,4
1343,252.0,1614,2018-06-22,22,24,13,11,22,46,26,21,9,15
1344,252.0,1613,2018-06-22,19,21,9,9,20,39,34,21,13,12
1345,252.0,1615,2018-06-22,21,19,12,3,22,47,32,15,8,6
1346,252.0,1616,2018-06-22,12,25,12,5,22,47,35,32,7,20
1347,252.0,1618,2018-06-22,21,20,12,11,20,50,19,22,0,24
1348,252.0,1617,2018-06-22,22,22,11,8,23,50,35,16,5,12
1349,240.0,1623,2018-06-27,18,16,7,6,16,35,20,15,8,19
1350,130.0,1627,2018-06-28,11,13,6,6,16,32,21,21,16,16
1351,119.0,1628,2018-06-29,5,11,6,10,16,22,25,34,17,16
1352,238.0,1629,2018-06-29,19,15,5,10,16,31,29,10,11,15
1353,224.0,1630,2018-06-30,18,15,10,10,18,41,28,17,10,18
1354,224.0,1631,2018-07-02,19,18,11,1,17,40,8,17,8,19
1355,168.0,1642,2018-07-04,24,25,14,9,29,62,39,8,0,4
1356,240.0,1644,2018-07-05,20,16,15,0,29,50,34,11,0,14
1357,119.0,1646,2018-07-06,23,19,9,5,20,43,30,9,5,11
1358,79.0,1647,2018-07-10,12,14,7,6,12,32,21,19,15,11
1359,240.0,1657,2018-07-11,21,22,11,8,21,54,22,20,1,9
1360,168.0,1659,2018-07-11,15,16,6,10,17,34,22,26,10,14
1361,0.0,1665,2018-07-13,16,17,5,11,20,52,36,9,6,13
1362,252.0,1610,2018-07-13,18,21,11,4,22,48,32,25,8,14
1363,252.0,1619,2018-07-13,26,27,13,9,29,56,41,11,3,14
1364,0.0,1664,2018-07-13,15,17,8,6,11,31,18,23,13,9
1365,0.0,1666,2018-07-13,27,27,14,9,30,61,42,11,6,17
1366,125.0,159,2018-07-16,20,24,12,13,28,53,39,24,6,10
1367,79.0,1668,2018-07-16,24,17,10,6,19,39,27,17,7,15
1368,240.0,1670,2018-07-17,21,19,8,5,18,46,35,16,9,4
1369,130.0,1672,2018-07-19,14,13,6,7,12,31,19,26,11,20
1370,125.0,1673,2018-07-20,13,7,7,4,8,27,18,32,11,13
1371,130.0,1674,2018-07-21,17,17,9,8,17,40,32,21,10,11
1372,79.0,1677,2018-07-21,16,14,8,11,17,39,25,21,10,17
1373,240.0,1678,2018-07-23,22,19,12,7,17,49,31,19,7,16
1374,79.0,1684,2018-07-24,20,22,14,11,22,46,32,17,1,18
1375,224.0,1689,2018-07-24,13,15,8,8,17,27,29,20,13,9
1376,79.0,1688,2018-07-24,18,18,8,7,15,34,25,33,11,17
1377,79.0,1693,2018-07-30,17,13,11,11,16,38,28,33,8,20
1378,168.0,1696,2018-07-31,21,22,15,4,27,60,42,7,0,17
1379,79.0,1702,2018-08-06,7,10,5,0,3,10,27,25,22,3
1380,119.0,1705,2018-08-07,16,14,8,8,17,36,18,27,11,11
1381,240.0,1707,2018-08-09,24,22,12,12,24,55,38,11,2,4
1382,240.0,1706,2018-08-09,25,25,15,7,27,56,42,14,4,2
1383,119.0,1713,2018-08-13,18,17,11,7,20,53,27,13,7,15
1384,79.0,1710,2018-08-13,25,24,13,3,15,33,31,12,3,16
1385,79.0,1711,2018-08-14,22,23,15,3,27,56,42,10,0,7
1386,79.0,1712,2018-08-14,23,18,12,6,24,50,26,17,4,15
1387,248.0,1715,2018-08-16,23,20,13,4,18,45,31,14,7,10
1388,240.0,1718,2018-08-17,14,14,4,6,10,29,20,31,12,8
1389,168.0,1719,2018-08-17,16,12,9,11,19,27,38,17,2,19
1390,79.0,1722,2018-08-19,21,20,10,6,18,46,28,12,6,9
1391,125.0,1723,2018-08-20,14,16,9,8,12,36,25,17,9,19
1392,79.0,1724,2018-08-21,13,14,7,14,18,38,15,24,11,14
1393,168.0,1728,2018-08-21,12,14,8,1,16,37,24,37,14,3
1394,130.0,1729,2018-08-22,20,19,12,10,19,44,28,22,8,24
1395,168.0,1730,2018-08-22,17,15,10,5,17,38,28,18,11,16
1396,224.0,1733,2018-08-23,23,22,15,10,26,48,30,10,2,14
1397,224.0,1734,2018-08-23,19,19,10,8,21,42,26,28,8,18
1398,119.0,1732,2018-08-24,24,19,12,7,17,39,40,18,7,17
1399,79.0,1725,2018-08-25,20,15,8,2,15,34,27,23,7,15
1400,168.0,1737,2018-08-25,18,14,10,3,17,35,28,18,10,7
1401,240.0,1738,2018-08-27,18,18,10,2,19,42,28,18,10,14
1402,240.0,1739,2018-08-27,20,20,10,3,21,47,29,15,4,10
1403,240.0,1743,2018-08-28,23,16,8,5,16,37,27,11,6,12
1404,240.0,1742,2018-08-28,17,16,10,7,19,36,24,20,12,14
1405,240.0,1744,2018-08-28,19,17,10,11,21,47,33,11,7,11
1406,79.0,1741,2018-08-28,17,8,9,0,8,34,29,26,18,17
1407,240.0,1748,2018-08-30,20,22,11,7,15,42,40,11,6,13
1408,256.0,1749,2018-08-31,20,12,10,8,18,41,23,21,15,7
1409,168.0,1752,2018-08-31,9,6,3,7,13,13,16,18,19,16
1410,79.0,1750,2018-08-31,20,16,9,1,14,26,23,9,4,8
1411,168.0,1754,2018-08-31,11,10,8,3,17,33,25,25,12,10
1412,79.0,1215,2018-09-03,22,24,14,3,29,61,40,10,2,19
1413,240.0,1755,2018-09-03,17,18,10,5,19,42,27,19,9,17
1414,79.0,1757,2018-09-03,27,24,14,10,28,60,38,9,1,7
1415,79.0,1756,2018-09-03,18,19,13,8,17,48,36,24,13,17
1416,119.0,1758,2018-09-05,22,18,13,9,25,58,37,12,9,13
1417,0.0,1760,2018-09-06,27,27,14,11,25,60,39,9,1,11
1418,79.0,1761,2018-09-07,14,12,10,8,16,36,25,31,16,13
1419,0.0,1765,2018-09-12,17,14,3,13,13,46,36,17,15,11
1420,119.0,1766,2018-09-13,22,19,12,9,19,45,42,26,7,25
1421,79.0,1768,2018-09-18,22,19,10,8,22,48,33,15,4,9
1422,79.0,1769,2018-09-21,17,18,9,9,18,42,26,19,7,17
1423,79.0,1770,2018-09-21,17,17,8,9,19,44,38,33,9,20
1424,79.0,1772,2018-09-22,16,16,9,1,15,33,26,26,6,6
1425,79.0,1524,2018-09-27,25,21,12,11,27,51,39,6,1,8
1426,79.0,1774,2018-09-27,16,19,11,4,20,38,32,22,5,5
1427,79.0,1384,2018-09-27,22,21,13,11,30,48,27,11,4,12
1428,79.0,422,2018-09-29,22,21,10,5,25,50,26,17,6,14
1429,79.0,1775,2018-09-29,24,23,13,2,25,54,33,11,1,11
1430,79.0,1776,2018-10-01,17,17,10,8,17,34,16,25,10,15
1431,79.0,1777,2018-10-01,14,8,5,10,7,30,25,10,10,16
1432,79.0,1780,2018-10-02,18,18,6,6,15,35,33,17,5,15
1433,79.0,1779,2018-10-02,19,22,11,9,19,45,33,21,5,19
1434,79.0,1778,2018-10-02,23,23,13,10,18,46,34,20,3,14
1435,130.0,1782,2018-10-03,17,17,8,5,15,39,24,25,11,15
1436,130.0,1783,2018-10-09,6,12,10,12,13,33,20,38,20,19
1437,130.0,1784,2018-10-11,17,14,10,2,16,36,32,24,13,14
1438,79.0,1527,2018-10-13,25,20,11,5,21,47,27,9,5,12
1439,119.0,1787,2018-10-15,14,18,10,9,14,37,28,27,13,18
1440,119.0,1785,2018-10-15,14,13,8,14,15,38,16,31,16,23
1441,119.0,1786,2018-10-15,16,16,7,5,18,36,37,25,10,11
1442,79.0,1789,2018-10-15,21,21,9,10,16,46,29,16,9,15
1443,119.0,1791,2018-10-19,18,17,12,3,19,47,37,23,16,6
1444,125.0,1792,2018-10-20,21,17,10,7,14,35,26,18,9,14
1445,125.0,1793,2018-10-20,17,14,6,8,20,49,25,20,11,14
1446,119.0,1794,2018-10-20,17,17,8,7,14,39,24,17,5,15
1447,119.0,1795,2018-10-20,19,10,7,9,18,46,23,27,17,21
1448,130.0,1796,2018-10-22,20,19,13,13,22,43,39,24,3,27
1449,130.0,1797,2018-10-22,14,14,6,15,16,37,15,25,16,10
1450,119.0,1798,2018-10-22,14,17,14,9,19,43,33,27,13,20
1451,258.0,1800,2018-10-23,16,11,6,5,11,33,27,21,12,12
1452,119.0,1802,2018-10-23,17,17,11,8,13,47,19,20,11,19
1453,79.0,462,2018-10-23,17,17,11,13,23,44,22,22,6,16
1454,130.0,1809,2018-10-27,18,12,3,7,14,32,27,29,16,10
1455,119.0,1810,2018-10-30,26,26,14,4,27,58,36,11,9,20
1456,224.0,1811,2018-10-30,21,22,13,12,23,49,25,21,2,9
1457,224.0,1812,2018-10-30,22,21,12,6,25,47,39,16,7,12
1458,79.0,1813,2018-10-30,24,18,11,7,25,55,31,19,3,1
1459,119.0,1817,2018-11-02,14,11,6,6,12,39,16,39,12,16
1460,240.0,1818,2018-11-05,17,20,13,10,13,37,25,13,5,8
1461,130.0,1822,2018-11-07,12,8,4,4,12,18,23,23,15,7
1462,80.0,1821,2018-11-07,13,13,8,10,9,22,20,26,11,7
1463,79.0,1349,2018-11-07,15,17,9,6,10,19,22,20,7,9
1464,79.0,1823,2018-11-07,22,23,12,7,25,46,39,11,6,9
1465,240.0,1826,2018-11-10,18,21,14,7,20,50,31,12,5,0
1466,240.0,1825,2018-11-10,15,22,13,12,23,55,33,28,8,11
1467,240.0,1827,2018-11-12,15,14,8,8,18,36,26,28,12,18
1468,130.0,1831,2018-11-16,16,14,10,10,17,36,23,21,11,20
1469,130.0,1832,2018-11-16,17,15,5,6,9,29,13,22,16,5
1470,130.0,1833,2018-11-17,15,22,12,8,19,46,28,19,7,16
1471,119.0,1834,2018-11-17,12,12,13,5,18,44,22,31,8,21
1472,168.0,1283,2018-11-17,21,16,13,1,24,45,41,11,6,15
1473,130.0,1856,2018-11-19,12,11,8,10,15,38,17,26,17,10
1474,79.0,1861,2018-11-27,18,17,9,8,19,36,27,22,10,14
1475,119.0,1862,2018-11-28,19,17,10,1,22,41,29,20,10,9
1476,324.0,1866,2018-12-01,26,23,15,9,24,49,35,10,1,21
1477,79.0,1871,2018-12-04,25,25,13,0,28,54,42,6,0,9
1478,326.0,1873,2018-12-04,15,13,5,7,17,30,17,26,11,15
1479,134.0,1876,2018-12-05,22,19,10,9,16,38,33,15,7,11
1480,342.0,1884,2018-12-07,14,13,8,5,7,29,19,16,14,15
1481,79.0,1908,2018-12-10,19,12,8,7,15,46,24,24,18,9
1482,79.0,1909,2018-12-10,22,15,10,1,18,54,30,18,11,10
1483,447.0,1958,2018-12-14,20,20,11,6,19,35,19,17,5,0
1484,79.0,1952,2018-12-14,14,15,12,6,19,37,27,12,12,18
1485,326.0,1974,2018-12-15,15,18,7,9,15,37,26,23,10,17
1486,390.0,1891,2018-12-15,23,22,11,10,23,48,34,15,2,9
1487,130.0,1978,2018-12-16,20,16,9,11,22,47,27,23,16,16
1488,130.0,2046,2018-12-18,18,14,10,1,21,35,38,7,8,12
1489,130.0,2048,2018-12-18,21,14,12,6,20,40,35,24,16,11
1490,367.0,2009,2018-12-20,16,13,8,8,15,40,20,27,12,24
1491,130.0,2091,2018-12-20,20,9,8,0,10,20,15,22,14,6
1492,238.0,2109,2018-12-21,17,14,9,11,14,37,14,13,7,21
1493,130.0,2114,2018-12-21,22,19,6,3,14,34,29,31,6,13
1494,390.0,2129,2018-12-21,23,17,10,1,14,30,24,39,12,11
1495,324.0,2135,2018-12-22,24,24,13,2,22,51,40,10,5,7
1496,390.0,2138,2018-12-22,13,11,1,7,11,36,32,31,14,13
1497,225.0,2178,2018-12-24,14,10,7,5,14,30,25,18,19,11
1498,79.0,2179,2018-12-24,18,15,9,8,20,44,26,25,12,9
1499,79.0,2180,2018-12-24,15,17,7,10,15,33,19,14,6,16
1500,79.0,2182,2018-12-24,19,18,9,13,22,57,41,31,15,16
1501,326.0,2378,2018-12-26,10,9,6,13,18,32,39,39,22,15
1502,0.0,2377,2018-12-26,25,15,15,6,23,48,29,18,9,17
1503,0.0,2456,2018-12-27,20,21,10,6,19,41,37,25,11,9
1504,390.0,2463,2018-12-27,18,21,11,6,22,44,31,23,9,17
1505,390.0,2464,2018-12-27,12,13,9,8,11,35,16,26,13,10
1506,314.0,2577,2019-01-02,16,16,8,6,12,30,24,25,12,14
1507,79.0,2605,2019-01-03,18,19,10,5,19,43,27,15,0,16
1508,390.0,2613,2019-01-03,16,12,10,11,15,36,28,28,14,18
1509,130.0,2630,2019-01-04,17,17,8,7,16,40,31,26,17,15
1510,326.0,2632,2019-01-04,25,25,15,8,26,58,42,12,3,23
1511,326.0,2633,2019-01-04,17,13,13,10,17,34,20,25,10,20
1512,326.0,2634,2019-01-04,16,14,10,7,11,32,25,21,10,13
1513,325.0,2678,2019-01-05,20,20,12,5,22,45,31,18,6,15
1514,364.0,2681,2019-01-06,17,18,10,8,19,40,26,21,10,15
1515,364.0,2682,2019-01-06,20,27,10,12,21,54,27,10,0,9
1516,0.0,2711,2019-01-08,12,17,8,7,19,41,24,24,10,16
1517,79.0,2705,2019-01-08,20,19,10,7,19,46,39,13,9,10
1518,326.0,2723,2019-01-08,21,20,11,6,22,47,35,25,8,8
1519,79.0,2706,2019-01-08,19,19,12,0,20,40,41,11,4,10
1520,79.0,2707,2019-01-08,19,14,9,0,16,29,36,18,9,9
1521,390.0,2735,2019-01-09,12,11,10,9,15,35,23,29,14,19
1522,130.0,2736,2019-01-09,21,24,13,6,23,46,31,8,7,9
1523,326.0,2766,2019-01-10,21,20,8,7,23,40,25,21,11,9
1524,79.0,2764,2019-01-14,15,11,9,8,18,38,27,26,13,14
1525,79.0,2764,2019-01-14,17,15,10,8,17,38,27,23,13,16
1526,390.0,2871,2019-01-18,13,14,5,10,14,37,28,22,12,13
1527,390.0,2872,2019-01-18,10,13,5,6,17,41,29,25,18,11
1528,79.0,2906,2019-01-21,16,19,9,14,22,45,28,26,12,12
1529,390.0,2907,2019-01-21,20,15,9,6,20,43,35,19,4,11
1530,314.0,2922,2019-01-23,22,22,13,8,19,52,40,29,5,18
1531,181.0,2927,2019-01-23,18,20,14,7,21,51,39,12,3,3
1532,326.0,2934,2019-01-24,17,18,7,9,14,38,27,20,11,14
1533,326.0,2933,2019-01-24,12,9,6,6,11,21,18,32,19,11
1534,390.0,2943,2019-01-24,14,16,5,8,12,31,34,20,9,13
1535,130.0,2956,2019-01-25,19,15,14,8,18,49,33,32,15,13
1536,326.0,2969,2019-01-28,16,18,11,11,20,40,35,26,15,20
1537,130.0,2973,2019-01-28,13,12,10,7,14,34,23,24,15,16
1538,314.0,2984,2019-01-29,23,20,10,7,22,51,34,12,6,8
1539,314.0,2985,2019-01-29,17,17,10,6,23,46,31,24,10,21
1540,314.0,2994,2019-01-30,12,13,7,9,11,31,23,30,16,20
1541,238.0,3045,2019-02-08,17,9,5,3,18,43,34,18,19,7
1542,325.0,3061,2019-02-09,15,14,7,1,17,37,30,23,9,15
1543,325.0,3060,2019-02-09,15,22,11,9,18,37,19,18,8,15
1544,79.0,3105,2019-02-12,25,21,9,7,22,57,38,18,6,16
1545,325.0,3139,2019-02-14,13,17,9,9,19,28,17,26,11,14
1546,130.0,3183,2019-02-16,14,13,5,7,14,31,29,33,17,9
1547,130.0,3184,2019-02-16,23,18,9,10,20,40,32,14,2,7
1548,0.0,3168,2019-02-16,21,19,9,5,18,42,35,26,9,14
1549,0.0,3170,2019-02-16,25,21,12,4,21,51,39,11,6,8
1550,0.0,3169,2019-02-16,15,13,13,3,17,29,30,19,11,7
1551,324.0,3193,2019-02-18,20,9,7,1,6,19,35,19,21,2
1552,79.0,3211,2019-02-18,20,21,13,5,21,45,40,15,8,12
1553,79.0,3389,2019-02-19,16,19,10,9,19,49,28,24,7,12
1554,79.0,3390,2019-02-19,22,24,10,9,23,45,26,8,3,17
1555,326.0,3417,2019-02-19,16,10,4,9,16,39,39,22,12,21
1556,130.0,3446,2019-02-21,16,16,9,8,17,38,27,23,12,29
1557,79.0,1776,2019-02-21,17,19,10,9,14,38,19,21,12,19
1558,0.0,3450,2019-02-21,22,23,14,3,19,39,31,14,7,13
1559,585.0,892,2019-02-21,11,18,6,3,15,33,18,24,12,16
1560,248.0,935,2019-02-21,17,20,11,8,19,40,17,25,2,3
1561,314.0,3489,2019-02-22,27,18,14,9,22,40,41,13,2,5
1562,252.0,3452,2019-02-25,18,15,11,5,14,37,30,18,7,11
1563,252.0,3451,2019-02-25,17,14,9,8,13,37,21,25,12,18
1564,130.0,3516,2019-02-25,14,9,7,4,8,22,20,18,23,10
1565,324.0,3514,2019-02-25,6,5,8,8,7,24,26,39,17,11
1566,321.0,3522,2019-02-25,16,15,14,8,18,39,15,25,18,7
1567,634.0,3524,2019-02-25,16,15,6,6,16,32,28,20,10,18
1568,79.0,3534,2019-02-26,22,16,7,8,19,36,26,21,11,13
1569,390.0,3542,2019-02-26,16,17,10,8,21,47,34,26,9,9
1570,79.0,3535,2019-02-26,16,15,8,7,17,37,28,19,9,10
1571,634.0,3546,2019-02-26,15,18,11,4,12,29,26,21,8,12
1572,79.0,3537,2019-02-26,25,23,11,3,19,47,37,9,6,11
1573,79.0,3536,2019-02-26,26,25,15,10,30,60,40,13,1,21
1574,252.0,3449,2019-02-27,13,15,7,8,16,38,19,24,12,15
1575,252.0,3445,2019-02-27,24,21,10,3,20,48,36,9,3,8
1576,0.0,3563,2019-02-27,18,21,9,8,16,40,25,20,9,17
1577,0.0,3571,2019-02-27,17,20,11,4,16,35,8,18,5,13
1578,326.0,3586,2019-02-28,15,11,7,10,13,34,23,24,14,20
1579,252.0,3448,2019-02-28,16,15,6,3,9,29,28,15,8,6
1580,252.0,3453,2019-02-28,16,15,9,2,16,34,26,23,10,12
1581,0.0,3564,2019-02-28,15,12,11,6,19,34,36,25,11,20
1582,326.0,3616,2019-02-28,18,17,9,1,19,43,36,14,9,8
1583,326.0,3652,2019-03-04,24,21,10,0,23,46,29,18,7,1
1584,252.0,3650,2019-03-04,20,18,11,1,9,34,23,12,12,7
1585,252.0,3646,2019-03-04,20,21,11,8,19,52,34,13,6,7
1586,252.0,3648,2019-03-04,16,25,13,4,22,51,31,11,3,8
1587,252.0,3649,2019-03-04,20,18,11,3,16,37,37,11,5,10
1588,252.0,3653,2019-03-04,20,22,15,13,25,49,31,17,6,23
1589,252.0,3653,2019-03-04,20,22,15,13,25,49,31,17,6,23
1590,252.0,3647,2019-03-04,12,14,6,5,13,26,20,27,13,18
1591,252.0,3509,2019-03-04,10,9,7,5,8,22,14,32,18,23
1592,252.0,3654,2019-03-04,22,18,11,1,23,33,35,14,6,8
1593,252.0,3655,2019-03-04,20,18,14,12,18,52,36,31,10,12
1594,252.0,3657,2019-03-04,22,23,13,8,19,42,37,15,6,24
1595,252.0,3658,2019-03-04,18,18,10,8,13,29,29,29,17,17
1596,261.0,1610,2019-03-04,16,23,13,6,20,51,36,33,11,11
1597,261.0,1619,2019-03-04,22,23,10,5,23,48,42,14,9,10
1598,261.0,1621,2019-03-04,12,20,7,9,13,30,14,15,7,13
1599,252.0,3665,2019-03-04,24,25,13,2,22,33,28,18,0,7
1600,252.0,3669,2019-03-04,16,21,11,8,21,46,22,30,6,16
1601,252.0,3668,2019-03-04,20,16,9,7,17,40,31,22,3,6
1602,252.0,3667,2019-03-04,17,18,10,6,16,39,24,26,11,14
1603,261.0,3671,2019-03-04,14,12,9,8,15,30,22,19,13,12
1604,252.0,1683,2019-03-04,17,19,11,4,16,49,33,25,11,7
1605,325.0,3674,2019-03-04,21,18,10,5,16,35,28,10,4,5
1606,252.0,3675,2019-03-04,20,17,7,0,14,38,24,17,7,11
1607,261.0,3676,2019-03-04,15,13,10,7,15,31,23,23,13,12
1608,261.0,3673,2019-03-04,14,12,3,2,5,20,15,16,10,9
1609,261.0,1616,2019-03-04,18,26,14,5,19,58,39,33,8,24
1610,261.0,3678,2019-03-04,16,18,13,9,22,51,31,20,9,17
1611,261.0,1690,2019-03-04,23,22,10,8,24,48,42,12,5,12
1612,252.0,3679,2019-03-04,21,20,8,2,17,42,28,17,5,2
1613,252.0,3680,2019-03-04,20,19,5,11,15,40,36,26,10,23
1614,252.0,1618,2019-03-04,17,15,9,12,21,43,29,29,5,24
1615,252.0,1617,2019-03-04,24,23,11,9,22,52,35,16,7,13
1616,261.0,1615,2019-03-04,17,20,13,5,17,40,29,17,9,15
1617,261.0,3681,2019-03-04,19,18,12,4,16,30,28,12,8,9
1618,0.0,3706,2019-03-05,20,17,10,8,21,42,37,25,9,20
1619,314.0,3717,2019-03-05,15,10,9,6,12,33,17,21,15,15
1620,314.0,3719,2019-03-05,14,18,7,4,18,42,31,40,19,30
1621,252.0,2870,2019-03-06,21,15,10,4,17,40,37,17,7,5
1622,130.0,3761,2019-03-07,25,21,14,7,28,57,41,18,1,20
1623,326.0,3797,2019-03-09,23,17,7,4,14,43,38,10,7,12
1624,314.0,3850,2019-03-13,18,17,14,13,17,35,23,22,10,19
1625,130.0,3855,2019-03-13,14,12,11,7,12,28,23,22,13,18
1626,130.0,3855,2019-03-14,14,12,11,7,12,28,31,22,13,18
1627,325.0,3777,2019-03-16,26,27,15,1,30,59,42,6,0,3
1628,358.0,3890,2019-03-16,22,20,9,10,24,39,25,23,10,16
1629,390.0,3892,2019-03-16,19,17,9,9,15,37,14,29,11,6
1630,673.0,3898,2019-03-18,12,11,5,4,11,37,21,28,12,14
